,date,Elevation 1,Elevation 2,Elevation 3,EV1 SE,EV2 SE,EV3 SE,EV1 c0,EV1 c1,EV1 c2,EV1 c0 SE,EV1 c1 SE,EV1 c2 SE,EV2 c0,EV2 c1,EV2 c2,EV2 c0 SE,EV2 c1 SE,EV2 c2 SE,EV3 c0,EV3 c1,EV3 c2,EV3 c0 SE,EV3 c1 SE,EV3 c2 SE,EV1 r2,EV2 r2,EV3 r2,EV1 pv,EV2 pv,EV3 pv,Proj_x,Proj_y,#Samples
0,08-01-2010,2100.397466712118,2130.887130738453,2130.289780475764,750.3575418450861,249.5841771687229,363.2805665038221,-515.7988785878233,-0.001747704761423316,-0.0009747094576842111,522.1704170416473,0.0009456546250020007,0.00020775741334888456,-1939.7207011078463,0.0031040534427573697,-0.0016471906204524275,173.6844992038403,0.0003145439584528741,6.91043404906415e-05,-1649.5529415901692,0.002902642062898187,-0.0015299867463374594,252.80530192044068,0.000457832338224983,0.00010058435693358227,0.11344274328183024,0.7003279376554075,0.4865354506587337,1.5406500482346736e-07,5.22780116422698e-65,1.7772658683372075e-36,-60270.139473685,-2580734.6102880873,247.0
1,10-12-2010,2139.1487984992714,2144.0959008852183,2146.4014283378347,258.93404956098647,81.65474607837054,110.70405019426701,-2893.359255033048,0.004809946771989307,-0.0020582383713956924,182.8076878512937,0.000123025093008296,7.101548381796855e-05,-2612.610488020869,0.004422904559317937,-0.0019426699899263127,57.64832920961846,3.879591250317313e-05,2.2394703626735964e-05,-2504.6609920706105,0.004510544417594303,-0.0019036932787117261,78.1571658346964,5.2597856846698755e-05,3.036179173223369e-05,0.8319100351823447,0.9772138472372836,0.9593604819803424,3.7420871260417195e-171,0.0,1.701759670001283e-306,-51732.67927140649,-2580584.6663945457,442.0
2,12-09-2010,2142.301559497794,2142.111674017634,2144.2255007913745,115.12852537718885,104.64008365260048,115.05350304694498,-2129.3882111786224,0.00451728966217846,-0.0017568183091414141,81.40072009883929,2.0009035324782698e-05,3.1549508413371216e-05,-2195.790666661076,0.004488901255382129,-0.001781842321343964,73.98494971266385,1.8186171701005276e-05,2.8675284329036517e-05,-1947.0509365817306,0.004526347756438174,-0.0016871021040774283,81.34767614917229,1.9995996640832922e-05,3.152894949774657e-05,0.9950166347701842,0.9958364290173605,0.9950225417803672,3.083871404015294e-306,1.40145e-316,2.6353982356732282e-306,-53068.143117189575,-2580948.149411712,268.0
3,01-30-2011,2138.177795093692,2142.150163853159,2144.0580706537903,257.2212473069082,61.88978412331623,110.81919839790098,-2800.6991307265307,0.004008862107661052,-0.002003983606153472,181.15840611960084,0.00012280545366690604,7.071493576142596e-05,-2523.462242198908,0.0046123565461892516,-0.0019116157353692436,43.588369017931555,2.9548115080641725e-05,1.7014660158874394e-05,-2645.54062447274,0.004518491363776729,-0.0019575614009758814,78.0488764416173,5.2908544985084495e-05,3.0466272043576318e-05,0.7827168609914691,0.9863387542222295,0.9569272295375827,2.2556177520643972e-142,0.0,4.486623601889034e-292,-59136.3388421846,-2581777.64659521,429.0
4,04-03-2011,2136.7947610819137,2140.4039572806846,2143.3721106596904,385.7043269945686,91.39913252890761,137.44920130929665,-2539.3018739563295,0.004584607929048125,-0.0019150565216456653,272.6944373642969,9.973612178014275e-05,0.00010569011424874435,-2153.1825006670156,0.004600183385573121,-0.0017671636573098146,64.61953697736516,2.3634152832905356e-05,2.5045051567058005e-05,-2016.7530105898632,0.004581786445458152,-0.0017150279444196463,97.17711208808512,3.554186282323042e-05,3.76636215179997e-05,0.8745723385566574,0.9919067541533385,0.9816336406669873,3.881513720142145e-157,0.0,1.7496379734594892e-301,-51549.77523527057,-2580034.977207272,349.0
5,05-22-2011,2127.887578401246,2138.175698202149,2139.245638286272,444.1221627032676,120.96907197083897,167.6701546947168,-2119.172465693031,0.004052668388300724,-0.0017368518123080017,313.9559469622661,0.00016626584841178052,0.00012168334926762611,-2397.5055692322258,0.004491656111962848,-0.0018585535386060484,85.5146685600697,4.528714635719597e-05,3.314385786471786e-05,-2514.567640352934,0.004300708363867771,-0.0019000528597900713,118.52829382365378,6.277061327893618e-05,4.5939310642116754e-05,0.6711683154482788,0.9708466561636677,0.9425837962678041,6.192118944797923e-93,7.205026902165297e-293,6.072877373512157e-237,-66487.28620906657,-2580657.6679256307,383.0
6,07-21-2011,2135.8004048120556,2140.8400663383627,2143.3057448241743,372.06862876574854,134.8917672832108,150.0594129673279,-3550.4379464369304,0.004415118504732056,-0.0023027364241483975,262.7178057812834,0.00019076455470093607,0.00010201689395910488,-2722.3757684829816,0.004438580119279557,-0.0019842994305384297,95.24713017639667,6.916081047726554e-05,3.6985754925206385e-05,-2954.057530943671,0.004696765685031221,-0.0020808344850135364,105.95701078691168,7.69374649734818e-05,4.114454709884071e-05,0.6758686171448639,0.9333397050575376,0.9263426143577094,1.1322174828016104e-114,5.056341328041158e-274,5.7652806728546765e-264,-54282.000700771794,-2580679.6192234885,467.0
7,09-16-2011,2142.3341547647287,2142.830317949587,2145.2884929706124,200.1130014920424,81.22197356936432,93.84458308269203,-2804.1537666136455,0.004564699342931244,-0.002019400404226686,141.5043677316483,3.731108749100306e-05,5.4831369199564927e-05,-2663.34140147357,0.004540176564945931,-0.001964470681776037,57.4338695145032,1.514384442511597e-05,2.2254985866454137e-05,-2615.1894748251325,0.0045714127109289775,-0.001947462632168779,66.35959830268467,1.7497331127154493e-05,2.5713606532411887e-05,0.9775321426289529,0.9961736542426408,0.9949551727811576,2.036538869359053e-309,0.0,0.0,-57852.65748043787,-2580242.880296939,377.0
8,11-10-2011,2130.9936408853637,2140.791941424759,2141.188214085778,346.97603808207947,84.24668450681665,140.86406483840028,-3388.7777968911823,0.003682623242763775,-0.0022217925006577386,245.01740401787254,0.0001567356837049363,9.514875758740166e-05,-2896.1729993528725,0.004458943312291604,-0.002052092812051913,59.49086296872742,3.8055831662145984e-05,2.31023658175069e-05,-2917.5338613784425,0.004332046245652638,-0.0020576785748453556,99.47127091798069,6.363098049635446e-05,3.862814513696879e-05,0.6965664256661217,0.9784676028734633,0.9401008938344896,6.978749730274973e-116,0.0,5.8249020100762925e-272,-62454.34811136992,-2580445.9279746246,446.0
9,01-09-2012,2130.3577946988717,2139.3760454211365,2140.399192904213,470.2452405924026,149.0711742540535,223.0611576231012,-3345.5607029187922,0.004963487944837076,-0.0022335263977830153,332.5701708397382,0.00016224640975310496,0.00012879265771734768,-2670.921038965071,0.004590731673036684,-0.0019672033968062457,105.42717205706457,5.1433296358152307e-05,4.082821273648334e-05,-2527.06526729669,0.0046162348906713035,-0.0019124204901773297,157.75489233015972,7.696169754770361e-05,6.109288695319027e-05,0.7512621750682255,0.9617683537875963,0.9179541329692373,2.464366685188372e-125,1.7975666626060984e-292,2.5433869964489274e-224,-50839.46578748225,-2580642.4691085233,414.0
10,02-28-2012,2137.6080232775885,2140.1986278790546,2142.707478552449,407.5717522783671,99.2500580033448,143.91245890113197,-4108.25676914083,0.00505536663104559,-0.0025339806716963313,287.9246924605553,9.439680698608329e-05,0.00011177623361804165,-2762.0701886631896,0.004658570258778728,-0.0020043687218080338,70.11413884195748,2.298709004322866e-05,2.7219250617763885e-05,-2924.897662173359,0.004649659378747209,-0.002068245118365567,101.66541287201481,3.3331251564520784e-05,3.946787905873611e-05,0.9016661242357038,0.9921893296056716,0.9837596022769531,2.0165176929249537e-175,0.0,1.0004104174897e-310,-63612.96355905631,-2580060.220792881,349.0
11,04-29-2012,2137.669885836279,2140.4271404943092,2143.934973370517,220.38656649121472,59.683956629269844,66.08872261950678,-2358.146168809815,0.005007756774481657,-0.0018546796118396969,155.6934509271512,0.00010446188218880812,6.040481986158465e-05,-2522.7609047834003,0.004659802819904511,-0.0019117403678417602,42.16409974773969,2.828982975338133e-05,1.6358522691361e-05,-2645.2825858669207,0.004629164815274388,-0.0019598960410750913,46.68878623511047,3.1325649590184705e-05,1.811397785387558e-05,0.8663177303630639,0.9878712204153749,0.9852824839634937,1.0212856221462517e-208,0.0,0.0,-57343.42034823151,-2580844.0046284464,478.0
12,06-28-2012,2129.9538840316827,2137.731544433932,2140.4613657808786,551.6180048690863,181.40876668214304,233.21484726381624,-4441.75012812249,0.004069678465298244,-0.0026381515091543125,390.17916018882465,0.0001037706436409227,0.00015109847754509533,-2357.562078861639,0.004475596487233678,-0.0018425410561464795,128.31691425976467,3.4126704194834265e-05,4.96912504977253e-05,-3011.2758698234575,0.004445386653529339,-0.00209626886436416,164.9612094705946,4.3872488920895905e-05,6.388190387447122e-05,0.8420891988422831,0.9815979314443619,0.9702857860989932,4.850906164786617e-143,2.807525949408164e-308,1.9124899597012196e-271,-58210.92543030043,-2580368.2755910135,357.0
13,08-18-2012,2132.4164350123065,2137.154925628041,2140.573667386145,282.78350026313313,99.60325339334562,128.31661942713453,-3024.2660764800376,0.003840587823557299,-0.0020846200783722047,199.7697566342869,0.0001222383212079696,7.75184446553974e-05,-3236.745770494677,0.004238690018250568,-0.002177732441516755,70.36378597710554,4.305532136891045e-05,2.7303888941487135e-05,-3107.0165761521907,0.0043376646422705716,-0.0021310006461414243,90.64807462684549,5.546719708632082e-05,3.517498281255559e-05,0.798021703505837,0.9737850240876618,0.9577243271709889,3.17377463804727e-143,0.0,4.0019986630719576e-282,-65020.068387441235,-2580403.67134467,412.0
14,10-17-2012,2129.0171283025993,2139.338878327946,2141.303084984276,388.52939829280336,137.13602802500847,179.26123964105474,-3555.5717281900997,0.005378752885342833,-0.0023237109939664396,274.22925782708796,0.00017716729128174226,0.00010659293111915434,-2918.9834376605395,0.004625254772952659,-0.0020641001670554096,96.7924469857276,6.253328249827285e-05,3.7623230709064485e-05,-2907.5812579532603,0.0047875114196132326,-0.002064081805618791,126.52498606265893,8.174214975382267e-05,4.918027066511198e-05,0.7416929643491715,0.9457544771139097,0.9144162497981154,3.3930908395604447e-130,5.748675800463106e-279,1.684942163722213e-235,-51824.21749726534,-2580577.472137386,442.0
15,12-10-2012,2139.9256828892303,2140.790748111659,2143.8594773801524,226.73470188586992,77.55085031407057,82.7643807019603,-2243.7687005871176,0.004533160180286216,-0.0018005817801648857,160.32140068907577,4.316206016865408e-05,6.212847206793907e-05,-2466.6197183350487,0.004530343931661546,-0.0018872200120108305,54.835280367621,1.4762867966594223e-05,2.1250015094768878e-05,-2229.7419222900153,0.0045705868245188045,-0.0017975096946290336,58.52170545989592,1.5755334979457893e-05,2.2678595168243484e-05,0.9689817521680995,0.9962911686873965,0.9958165746104917,3.037475989145103e-286,0.0,0.0,-57223.08910582229,-2580144.6500666603,381.0
16,02-06-2013,2135.7190603433737,2139.6633173999844,2141.1857997738125,301.98445301990637,96.7207294496542,157.72038293396065,-2854.7409669119825,0.004151693176723283,-0.002027178319212377,213.3388619012884,0.00013835643304848714,8.277369879221524e-05,-2631.693169619565,0.004401817158287115,-0.0019478746708013863,68.32898229264629,4.43133247247659e-05,2.6511075144326326e-05,-2633.1050870883155,0.004298907284737911,-0.0019467036839212644,111.42258039207249,7.226077165086983e-05,4.323103172966303e-05,0.7518642055557125,0.968662254235004,0.9184719751761314,4.181164403866742e-143,0.0,1.853966261128408e-256,-60007.67587539221,-2580507.384501444,472.0
17,04-07-2013,2137.6838465941587,2139.271962582109,2142.5824695103447,191.4916727340784,83.33926712504316,89.2760822836479,-2328.397103192246,0.0046754220671551905,-0.0018357016413628716,135.45889175491794,5.502181097405223e-05,5.2440980806748453e-05,-2007.6602706147469,0.004579578317128484,-0.0017098654998317668,58.95318894677128,2.3946092991928442e-05,2.282288751961538e-05,-1945.00070740922,0.004570508614829759,-0.001686661282960543,63.152820139377575,2.565193386104162e-05,2.444871492683609e-05,0.9590352187651225,0.9915133052906132,0.9902026684833105,1.4758616232366648e-258,0.0,0.0,-49123.537923179436,-2580201.3174705496,374.0
18,05-26-2013,2129.296562227676,2137.8716213809466,2140.278565917707,335.61504098705876,106.45392191326648,111.20750577586831,-3037.6990616600024,0.003869110182509086,-0.0020892566778545297,237.37793121012353,0.00014808119561380548,9.188779017803391e-05,-2878.7138566141293,0.004588721243590741,-0.0020471055837685166,75.29403830846077,4.6969956973123375e-05,2.9145939382294316e-05,-2750.184214745512,0.004374029723427226,-0.001993411179697303,78.65621152876575,4.906734921083215e-05,3.0447419540262823e-05,0.7684356671503096,0.9756707924719825,0.9713346875088986,1.6136432614573364e-115,1.1747373373306328e-291,7.782335318506535e-279,-66463.13908834149,-2580780.5666513937,363.0
19,07-26-2013,2126.1655650440725,2136.9810458443726,2139.6355400206676,404.2916705520477,123.09597778864101,168.13652032875794,-1904.0757609535967,0.0056158033864699185,-0.0016878838240499978,285.3905647058404,0.00020819234011856791,0.00011088213578350995,-2394.6516759230653,0.004664487217300594,-0.0018608610350908709,86.89377786623291,6.338898755941888e-05,3.376063846412303e-05,-2247.3331944645515,0.004709314476125791,-0.0018058018103024878,118.68801654700874,8.658287611723339e-05,4.6113580454930775e-05,0.6568533713985001,0.9436100522563327,0.8989886888370952,6.279681890948922e-109,7.00537504125028e-291,3.806105088115205e-232,-54388.53177111396,-2580766.618421885,467.0
20,09-07-2013,2142.36212557163,2141.8833670142203,2145.33518622675,102.10740012346366,91.51301137932958,108.02144582562066,-3401.93980197953,0.004583328314294132,-0.002251501677836042,69.52121036904472,0.0001562948251391059,2.8770021020867207e-05,-3311.289245878873,0.004590550704147408,-0.0022163464124358577,62.30787688173821,0.00014007809516441286,2.578492115050105e-05,-3421.6515511889966,0.004638187324489165,-0.0022615236592493405,73.54786871990524,0.00016534739858398498,3.0436376436475593e-05,0.972751584543299,0.9772700329559179,0.9698401610381616,1.0175570898623595e-135,1.720712849277299e-142,6.296607972616821e-132,-71828.12290436348,-2579618.527515587,175.0
21,11-16-2013,2133.966363251686,2139.01304915972,2140.591690309144,307.89739358371844,90.82381242406244,141.4963322413933,-3119.085859632406,0.003998295665059929,-0.0021255055668537855,217.5004589467284,0.00013865464131123935,8.440249407268144e-05,-2890.495796933441,0.0043719933436598135,-0.0020472529509114193,64.15845439806851,4.090045384146306e-05,2.4897113290099723e-05,-2877.8106161416017,0.004360695211614843,-0.0020426951886041355,99.9538087788776,6.371967935627175e-05,3.878773770802679e-05,0.7578547886201474,0.9749634326876293,0.9410484183010992,2.801919812144248e-137,0.0,7.01749664861011e-273,-62383.28903211692,-2580403.3424109514,445.0
22,01-14-2014,2135.6794142481576,2140.8258091214084,2142.7180390912226,349.8523056495067,99.30176862707829,145.19160782154464,-3734.575574844149,0.004567245617048244,-0.002377464396506994,247.41077677930963,0.00012288624837993598,9.582308973532142e-05,-2359.067920928376,0.0045072738553482376,-0.0018450343396599388,70.2248557887112,3.487992391937887e-05,2.7198340935221636e-05,-2355.4226937915537,0.00450928987370692,-0.0018444001820735055,102.67752389476325,5.099881205103542e-05,3.976737680567887e-05,0.8299222803283669,0.9811507822513692,0.9605668461511572,7.071040747143605e-159,0.0,5.228432926614885e-289,-50457.92643301034,-2580585.998146814,413.0
23,03-05-2014,2139.2092146712203,2140.094841666263,2142.8340774101307,247.2265328085929,80.15609253245117,101.09800025961064,-2914.752293161353,0.0046957934979097605,-0.0020639922793825828,174.67845517760122,5.6843702212162866e-05,6.779105408174932e-05,-2635.6799190249203,0.00464243429058331,-0.0019549838982620025,56.63446498876261,1.842993550345523e-05,2.1979299479381097e-05,-2697.1992520937292,0.004592516721747559,-0.0019787677470387583,71.43101634874246,2.3245015636941088e-05,2.7721700924641863e-05,0.9556539398849269,0.9949945411841947,0.9919230976893637,1.5107149715110119e-232,0.0,0.0,-62828.65322779781,-2580123.4076827397,345.0
24,05-05-2014,2137.9259034814604,2139.672965736322,2142.8307642524333,195.72385139930873,65.15805695504568,77.8083727976943,-1747.744392617381,0.005011217280259765,-0.0016182946107013117,138.2768859709886,9.11106597250001e-05,5.3644012600475896e-05,-2465.4266727121712,0.004695831524582567,-0.0018900362514915913,46.03349641471367,3.033147729890987e-05,1.785852671163685e-05,-2436.2909087437583,0.004666369865876232,-0.001879307654017429,54.970814318305116,3.622027732973436e-05,2.1325726532258403e-05,0.8870385235569905,0.9858896372057196,0.9797576175488417,1.6480395311001813e-227,0.0,0.0,-57375.48011228434,-2580936.70463118,481.0
25,07-04-2014,2137.1033162290496,2139.4329112229907,2143.3881825100143,374.4423167141803,136.68244813730402,154.25052592505452,-2255.9740733422177,0.004279571343694322,-0.0017985303041379876,264.8104236680737,6.722219713105574e-05,0.00010258568224481501,-2009.896192740527,0.004511462051410456,-0.0017092665960812769,96.66358577430059,2.4538077196158948e-05,3.7446788376111634e-05,-2160.524822841683,0.004517609382942343,-0.0017693136281772275,109.08795640321915,2.7692007015376847e-05,4.225990154505415e-05,0.9230800271003008,0.9899697765220433,0.9873486193968,5.152846885506113e-205,0.0,0.0,-57433.59290775468,-2580140.286717267,369.0
26,08-24-2014,2129.263442860686,2136.2195485835905,2138.24382130819,323.72412789095796,141.71896730793023,152.15759403015085,-2694.0604664660996,0.003550849377585939,-0.0019489279207657879,228.47812675853544,0.00014274791453139206,8.882176221382509e-05,-3304.6629387607704,0.004056178843475056,-0.0021995976702324643,100.02246167939846,6.249174926980975e-05,3.888412179043335e-05,-3218.491111985129,0.004055291535973967,-0.0021669662969402573,107.38983925166242,6.709471848584103e-05,4.174821853416531e-05,0.7095643041834971,0.9428298199326508,0.9338778159621933,1.0689684002138376e-110,1.0699334375228282e-254,8.271671245544353e-242,-64732.38102297425,-2580319.72700114,411.0
27,10-23-2014,2139.0776499959065,2141.9269692405383,2143.3329003427125,295.4755314429388,112.10133032829253,172.99528692974428,-3270.716803729373,0.004671493192943013,-0.002201350661279815,208.6111490552147,0.00013966439155330658,8.103602392702373e-05,-2795.137132110512,0.00450064708977599,-0.0020143115333096477,79.14559698463368,5.298768400943125e-05,3.0744495296691e-05,-2813.135920574904,0.004620809443339774,-0.0020245270334025814,122.13784813691028,8.177083690362482e-05,4.744504610057149e-05,0.795182539693434,0.9601775655932965,0.9131141839215617,5.702455988995581e-152,9.8783287371732e-308,1.572170986424393e-233,-51675.95159966117,-2580577.1911058864,441.0
28,12-04-2014,2115.0020209074883,2145.406369298794,2140.6596112407587,506.46318146483134,93.47403146195612,136.69788271983174,-3708.6110174403857,0.002606525819932648,-0.0023154103040572485,348.2789202220249,0.0009895347556870572,0.0001407653309538874,-3130.7614151412854,0.004920115282960708,-0.0021551399757678237,64.27917356640124,0.00018263085308248403,2.597997930724213e-05,-3131.954920196884,0.004346036407417913,-0.002140886609218234,94.00286680781345,0.00026708221037682607,3.7993527280894715e-05,0.5729371896340107,0.9710725108033353,0.9393378052173723,1.1554308270889862e-38,2.4596372841663005e-157,1.0814838804552668e-124,-69131.82273005853,-2579855.333285485,206.0
29,02-12-2015,2142.0599216416276,2141.542334011509,2143.619462535081,68.5592572457863,62.21604157089247,88.73728960130167,-2620.0136346930703,0.004653702882112648,-0.0019499267311962575,48.42993400542762,3.2428371285655346e-05,1.8792792344321663e-05,-2630.907639397365,0.004687784127815224,-0.001954712547498786,43.9491165511781,2.9428044833561404e-05,1.70540521688532e-05,-2669.395001449696,0.0046096649711728135,-0.001968681184404111,62.68360031680024,4.197253426707148e-05,2.432379701397202e-05,0.9844615923733435,0.9873119708108723,0.9740853500254639,0.0,0.0,0.0,-60095.600766720076,-2580777.054539914,471.0
30,04-14-2015,2134.716401270588,2139.878233183904,2143.116675476256,255.45644444999752,80.81771540568941,76.36467651475273,-2442.664372415751,0.005167804613744513,-0.0018898798952229853,180.63368736228554,6.38750535782481e-05,6.999111548576546e-05,-2182.530764078201,0.004616382524021401,-0.0017786972006791635,57.14634433809685,2.0207890674766134e-05,2.2142804282874644e-05,-1851.5668283948125,0.00459717233356901,-0.0016512559725417228,53.99759294695706,1.909444020630368e-05,2.092274048707105e-05,0.9512699385840078,0.9936869322904077,0.9942296415307175,1.4230094319249687e-244,0.0,0.0,-51296.906350193545,-2580274.6452235444,374.0
31,06-02-2015,2117.1657847618326,2134.654857259038,2136.0943609013248,443.00320422465376,148.77239223162562,166.26575594324066,-1274.2039521895877,0.003039313497389044,-0.0013824991113161452,313.3205294109297,0.00019243442889757678,0.00012129669328401566,-2802.3176412501216,0.004278259425487364,-0.0020092879893698476,105.22146172131302,6.462465747832602e-05,4.073469233982688e-05,-2703.609674402307,0.0040695789786362735,-0.0019669108988617226,117.59390040128623,7.222353130867223e-05,4.552447072607408e-05,0.5038812593629803,0.948291147770643,0.9313394917262686,1.779168602018638e-57,3.7703458738107647e-239,2.2786240391308705e-216,-66635.3011171168,-2580773.6640638383,373.0
32,08-02-2015,2130.34826153269,2138.2247546571384,2141.1797275054105,458.65023435606383,134.67512655710763,175.3537926386537,-2499.656054319011,0.0038129330876293973,-0.0018798851182156903,323.79976072210934,0.00022817041287640652,0.00012578366902255337,-2611.875673234115,0.004387181157315435,-0.001939308585023876,95.07849443407726,6.699850327965123e-05,3.6934313504086734e-05,-2598.896739368228,0.004284866532212408,-0.0019331289231388064,123.79698481529789,8.723542313671645e-05,4.809033499367329e-05,0.49867502065952873,0.9334277511154891,0.8890483212962018,1.968844628538505e-70,5.589571910988502e-273,9.830340265053449e-222,-54424.98213981014,-2580740.6183531084,465.0
33,09-29-2015,2139.3914206105355,2141.3418074728384,2144.4067622135685,297.4821854650282,78.15068586221572,87.34281500262138,-2217.6276990922315,0.004493955810830117,-0.0017893644199174945,210.3599797669806,5.4523028216095076e-05,8.150961322544472e-05,-2563.5015971075377,0.00455892449116061,-0.0019256212952949811,55.26306279837387,1.4323587288804868e-05,2.1413155103639947e-05,-2599.492281298309,0.004584685692116984,-0.0019413351592239639,61.76313639763324,1.6008335959401303e-05,2.3931782865438767e-05,0.9515157613090177,0.9966239546294609,0.9958351751048302,2.5291960182901505e-244,0.0,0.0,-57848.55900973245,-2580209.1740194727,373.0
34,11-22-2015,2133.380562267813,2140.964535527276,2141.7819336252787,298.54296309694223,77.1898854268405,135.12580864759465,-3045.1907397184095,0.0038022359243150665,-0.0020922428879626255,210.88705511740505,0.00013129771876354494,8.184285805819328e-05,-2901.6718921733836,0.0045198890566978105,-0.0020556577849764135,54.5259799583031,3.394772987790233e-05,2.1160910211994257e-05,-2912.268646020352,0.004424284574163608,-0.002057936991013147,95.45119925267161,5.9427662395604424e-05,3.704352051182863e-05,0.761112232441586,0.9831129687407695,0.9486734514823189,2.8737231298860875e-138,0.0,1.5743879857826025e-285,-62450.813586801894,-2580396.3591732145,444.0
35,02-15-2016,2132.6246896266825,2138.748075541471,2140.6318778172968,323.6010238689663,112.42090559715797,156.14704519912243,-3226.0854838061064,0.0035163230592237657,-0.002155643012153881,228.6349718340927,0.0001597906073155821,8.867905182804203e-05,-2831.4919800372445,0.004336417734665409,-0.0020234853269987104,79.42913862713026,5.551220007144219e-05,3.080762599206926e-05,-2809.535858662602,0.004204936160830364,-0.0020127572136153303,110.32312214047322,7.710368429799714e-05,4.2790259896135444e-05,0.684262538982442,0.9546329916051385,0.9128461546595144,2.556145341950999e-119,3.60825e-318,2.9802292261880962e-251,-60168.97912415181,-2580792.592487179,475.0
36,04-17-2016,2139.7446571947194,2139.5080425570513,2142.28536149732,80.45493776885804,78.85006354529988,103.53616922363105,-2169.106517819341,0.004668902279754167,-0.0017746208443084066,56.884813173471606,1.924052288801066e-05,2.204574452865479e-05,-2180.5588520001957,0.0046655054929583715,-0.0017788913197797195,55.7501038205627,1.885672271257007e-05,2.1605987217116832e-05,-2073.788898517536,0.004611499001717473,-0.0017373775285541033,73.2041538569546,2.4760320359794035e-05,2.837031510405627e-05,0.9945698667761408,0.9947788720789031,0.9908009572030251,0.0,0.0,0.0,-52330.78192061491,-2580072.867745806,357.0
37,06-05-2016,2137.219320871369,2138.8013989566016,2142.188294293327,251.0227503845958,88.51739113312742,86.219824130763,-2045.6615247569061,0.004463795258052015,-0.0017212004660591695,177.4401792152296,9.875087771545723e-05,6.877774220874803e-05,-2663.550761102938,0.004533458507180103,-0.0019628397249540986,62.570192232626205,3.4822222504080935e-05,2.425288663683908e-05,-3002.2078214497033,0.004491292113482401,-0.002094453442101605,60.946113538428456,3.391837312092367e-05,2.3623376081505595e-05,0.8707066988339398,0.9834014199798408,0.984610490976274,1.2618258685642295e-172,0.0,0.0,-66647.27537151083,-2580492.806912884,389.0
38,08-05-2016,2137.7150686535842,2139.776640011418,2141.980543067072,370.59765674287917,133.4766925085999,181.1732251024875,-3104.821775832972,0.0033786424049747164,-0.002107531810957846,261.76582282507593,0.00017214719298949677,0.00010159605450665694,-2790.3089559276623,0.004236666408242723,-0.0020056860527677394,94.27916125957708,6.200157374664558e-05,3.65914491922447e-05,-2970.233078232948,0.004076631044568615,-0.002072680444490795,127.96885646724095,8.415720277445258e-05,4.966702977679531e-05,0.6239154461276135,0.9400133416969998,0.8929203382867265,1.2435707507766208e-98,1.3495703876305093e-281,7.663078449926663e-224,-54192.92854718814,-2580730.133598263,462.0
39,09-26-2016,2142.015377270922,2141.168703228571,2144.570713820357,107.606944805048,101.12994403953336,111.5446399230173,-2581.700139652761,0.004591096264157254,-0.001933656798558722,76.11400485173543,1.8631522412695305e-05,2.9476179964022397e-05,-2688.3911017877754,0.004571814900115243,-0.001974244390392845,71.53260475173046,1.7510067053579215e-05,2.7701970682852803e-05,-2569.7894499747335,0.0046269557154232826,-0.001930835431205443,78.89926881268853,1.931331163157632e-05,3.0554811182026e-05,0.9960234036719771,0.9964698770054475,0.9957882657661172,8.0004e-317,1.5e-323,1.5274415041e-313,-62266.03521009038,-2580382.1397748436,266.0
40,11-24-2016,2128.2436940797143,2138.8561583518267,2140.423961858336,381.40707913901565,121.69587852290823,178.97177826979555,-4489.292190928496,0.0034145326440927996,-0.0026412191083967818,269.46550878162486,0.00017907661038536543,0.00010453271256733329,-3344.5714495599123,0.004362736748925955,-0.0022229620148524437,85.9785872271393,5.713812515736894e-05,3.3353340790058164e-05,-3438.8454080957235,0.004194509305608056,-0.002256332331943501,126.44422174304974,8.403005911569538e-05,4.9051017872487326e-05,0.6783840060710368,0.9558220144878418,0.9065417887135618,9.519988575751641e-113,5.079250990810454e-308,2.5793909623790996e-234,-62393.79249747955,-2580244.8379583685,456.0
41,02-18-2017,2133.1728747079856,2138.5750880545547,2140.0090648912133,330.15883884335136,103.52403954416272,171.09524572645805,-2964.3798957654267,0.0036248885485129067,-0.002056866260238658,233.23813649542237,0.00016071131220202957,9.04899037305733e-05,-2667.922044568346,0.004384601141525099,-0.001961107317704076,73.13375025896318,5.039236356016834e-05,2.8373859094519272e-05,-2757.451808122644,0.004180424432897311,-0.0019917808285765605,120.86890181788955,8.32839779439438e-05,4.6893768977337054e-05,0.671273355285781,0.9610440895819702,0.8961575863506093,6.529917056914873e-116,0.0,9.028718243550908e-235,-59790.796507064224,-2580668.3256149953,478.0
42,04-19-2017,2130.6531434800395,2139.2485382330033,2142.4473280236543,329.37282114130466,80.75373246038124,89.33895840590823,-1813.75519013323,0.005241925169695262,-0.0016462332593895751,233.01494722487507,8.645280231765705e-05,9.019658534946504e-05,-2096.446696219691,0.0046305184377987,-0.0017454082538110563,57.129263556918644,2.119600046117713e-05,2.2113879636188464e-05,-2044.056863293371,0.004612020306896373,-0.0017259293105193196,63.20288542917496,2.344942513340485e-05,2.4464887415327462e-05,0.9160590517945609,0.9932717820467618,0.9916966772886214,1.5772915549848414e-204,0.0,0.0,-50088.14232490368,-2580217.9175422215,381.0
43,06-07-2017,2140.180202658831,2139.1249313505496,2140.9823957882572,204.6395559472816,94.91571262990102,91.08074358756653,-3346.0548257727523,0.004716204941352525,-0.0022319781468812597,144.70469190383392,9.111891911197889e-05,5.6041125747422926e-05,-2896.995450400479,0.004527080000286999,-0.002053293773880994,67.11678438395828,4.2262685244527234e-05,2.5992938473091917e-05,-2918.9379031494273,0.0043678594159200475,-0.0020589462189384996,64.40500165376747,4.055510611913351e-05,2.494272126877826e-05,0.9200804525565084,0.9795234969177715,0.9802841252977665,2.000167891175942e-201,2.35002731536707e-309,2.34865954139e-312,-66435.24331640563,-2580844.8322049403,368.0
44,08-08-2017,2118.8582167211944,2137.396826650248,2139.9421867605215,457.0842641853786,117.94519712576674,163.01460741312863,-2597.283117201674,0.006282174177341206,-0.00196865144093078,322.5874935351316,0.00023628411044488454,0.00012538718185818807,-2662.2636136622477,0.004725160251931818,-0.0019660963196506654,83.23989359624335,6.097032465944999e-05,3.235468170768287e-05,-2538.0177225559155,0.004843335473218605,-0.0019215817638595814,115.04765693199901,8.426840414377426e-05,4.471810523094558e-05,0.652221219012716,0.949800474331659,0.9095644730184248,4.9006385083841506e-108,6.755302153506656e-304,2.475363471940508e-244,-54430.24561833012,-2580788.8685379312,469.0
45,10-04-2017,2140.0869746220615,2141.1053148874344,2144.4515221068887,247.03769921841382,101.0469203324533,100.6790775673889,-3138.6042891435454,0.004471822183795984,-0.0021460629646371846,174.69391752820067,4.4253247643986946e-05,6.768631812435371e-05,-2773.340166817593,0.004563336718009594,-0.0020069517606661536,71.4558240417764,1.810110118124418e-05,2.768603341412133e-05,-2609.5290804545093,0.004586898402248901,-0.001945291907812558,71.19570223094829,1.8035207445073773e-05,2.758524749158941e-05,0.9681447767760746,0.9946639789469405,0.9947276783996186,2.533428549448106e-277,0.0,0.0,-57925.2824715238,-2580287.335510532,372.0
46,11-27-2017,2103.6871938202676,2128.042257345008,2125.2804859919297,511.08385327221697,228.5501780257556,303.16432127192024,-5063.558008590199,0.0008830769264354536,-0.0027974802466052516,360.8846897066333,0.0002369520290270146,0.000140152558804286,-3494.22384502976,0.0031972861872317016,-0.0022506285483124304,161.38302854050335,0.0001059619239992768,6.267443602532224e-05,-3570.4004417957685,0.0027643017770114502,-0.002269368917707517,214.06929863242175,0.00014055501967838094,8.313558546682032e-05,0.4739678969712886,0.8217569241233682,0.7038295844663258,4.2795695727918297e-63,1.956559376815179e-167,1.7739137835757052e-118,-62644.59647586995,-2580175.911435087,447.0
47,01-26-2018,2128.8055070095943,2138.145729279685,2138.5401596352426,474.1730403121085,158.3638254980273,242.4141282245806,-2593.2695611496374,0.005124467483680969,-0.0019449842884310762,335.24600410422045,0.00017486811255553472,0.00012990058772158292,-2444.9086977494826,0.0046961926077912315,-0.001881500705964507,111.96511648559023,5.84022728151863e-05,4.33840650081907e-05,-2371.0182785561196,0.00477979216593098,-0.001854892355556701,171.38968460165214,8.939880055501606e-05,6.640980201586559e-05,0.723406522721664,0.9527982218723301,0.8979427571959193,5.041050859330096e-115,1.1331092026106598e-271,2.349135459041455e-203,-50054.279770271736,-2580562.429035293,411.0
48,03-18-2018,2138.3691653117057,2139.3509501195967,2142.7130927376793,281.4781587832513,99.40175526100046,97.65706928601989,-2715.9985896363323,0.0047117757727917434,-0.001986997988790838,198.98834125331794,5.602790362166564e-05,7.71441521380036e-05,-2553.4998998481915,0.0045810095478343305,-0.0019214689250598473,70.27113749271727,1.9785805007614386e-05,2.724283888947871e-05,-2624.0280925229317,0.0045279283072327935,-0.0019489146153158932,69.03774812542129,1.943852727182546e-05,2.676467631775824e-05,0.9542073039528335,0.9937045263430411,0.9938055772678985,6.788989220460344e-245,0.0,0.0,-59899.847208000436,-2580179.951699176,367.0
49,05-18-2018,2135.2266445342384,2139.234494358121,2142.7695130874727,292.40639760662407,74.37376532118185,89.58091604194574,-2585.0724948937204,0.004731051418065915,-0.001935471901459043,206.61915107669583,0.00013032801951655054,8.01332729240352e-05,-2441.0547990998784,0.0047106236308846845,-0.0018807527561654166,52.55372104995241,3.3149020054405115e-05,2.0381952254301152e-05,-2423.0139900645718,0.004648895796595411,-0.0018737464979641152,63.29934288975451,3.9926976529191715e-05,2.4549435486809965e-05,0.7922423356512679,0.9829544962405173,0.9749536968502018,1.3969930962610957e-163,0.0,0.0,-57462.346750417906,-2581004.7909350996,479.0
50,07-15-2018,2134.434050229592,2138.94954843348,2142.355917182047,444.7625782126256,137.32893951608602,153.23260187648853,-2661.117158426541,0.004202481962457704,-0.0019527803722249703,314.50627872467373,7.94089313357953e-05,0.00012186519275702292,-1815.1839699072361,0.004632944498779365,-0.0016363431354187831,97.10981958505054,2.4519023997646423e-05,3.7628205485499824e-05,-1760.0300288765475,0.004671267944405373,-0.001617147885924829,108.35582343538498,2.7358500370501538e-05,4.198581778031507e-05,0.8898042657767424,0.9900100707910346,0.9877669329289018,1.2567027608636097e-183,0.0,0.0,-56198.64972094162,-2579726.2279377547,384.0
51,09-05-2018,2133.823475880261,2139.929530317114,2141.12381166655,363.0424107822556,104.38750775539914,145.97111918628167,-3915.647963083192,0.004307196080602833,-0.0024410871366836537,256.21291953448343,0.0001566027836990048,9.96183981200927e-05,-3377.6952929034605,0.0044937236325388735,-0.0022391531506899902,73.6702581588481,4.502882807183024e-05,2.8643805785486156e-05,-3240.271465858231,0.004321093651064813,-0.002182485246204627,103.01740376240708,6.29664274071315e-05,4.0054298432521445e-05,0.7500307719993378,0.97273630814758,0.9445642977919668,5.440295427046249e-124,2.667e-320,1.9945059666692244e-257,-64726.06021984236,-2580315.7523301723,411.0
52,11-04-2018,2134.15192858048,2141.919328575368,2143.961044841245,288.1306368175641,93.47041586698889,122.79537707237309,-2514.9820212420896,0.005199199895687762,-0.0019183920930425256,203.41196353347732,0.00014201001472710124,7.902172952944203e-05,-2679.963336595838,0.0045539787772631,-0.001970869051680124,65.98743206829957,4.6068461446617753e-05,2.5634878689843684e-05,-2436.935482885636,0.004676633639811821,-0.0018802257120739097,86.69001338771386,6.052176019556363e-05,3.3677442918445664e-05,0.8018083369196899,0.9703766958053596,0.9500427656166015,1.892052339308929e-155,0.0,8.110319492997992e-287,-51617.32206557661,-2580677.8972422834,442.0
53,12-29-2018,2141.8289515091483,2141.280536891177,2143.626421793909,83.58855439125105,80.92393531283697,90.35423961070664,-2420.5862772905757,0.0045426989252339185,-0.0018700591774905733,59.11093369137427,1.6010379302200675e-05,2.290188993833029e-05,-2432.9257031091774,0.004541614401319307,-0.0018746044707279564,57.22660726888752,1.5500003659841738e-05,2.217182810981993e-05,-2295.4612529926926,0.0045363586203238625,-0.0018221212467881172,63.89539220123229,1.7306264694544708e-05,2.4755576479290227e-05,0.995703077104701,0.9959713734730404,0.9949498042280754,0.0,0.0,0.0,-57181.599361798304,-2580176.407230569,380.0
54,02-25-2019,2141.822942186923,2141.8879615455944,2144.5605410265725,123.62225151206245,63.31358867535399,75.0888348272696,-2506.184633586975,0.004753248232750002,-0.0019079530947030408,87.313190343656,6.131714975138297e-05,3.388861637942806e-05,-2636.2042743621832,0.004748740826186872,-0.0019582664401594715,44.717770075654386,3.140380271852062e-05,1.735617894012078e-05,-2682.2203704442536,0.004681301388372355,-0.0019756231540503395,53.034511568631395,3.7244373674194836e-05,2.0584131794358086e-05,0.9481286712881775,0.9860841327264065,0.9803015187810566,1.9475249421087983e-304,0.0,0.0,-59700.50371238097,-2580965.471636784,475.0
55,04-27-2019,2137.9136132914846,2139.8799304777554,2143.7946320644164,286.6799536913581,81.19316485132023,77.50082690472556,-2271.034845196611,0.004764414070025256,-0.0018155559311334361,202.65536389065056,7.237623235286365e-05,7.856745670371691e-05,-2219.7395528388092,0.004676545413228704,-0.001794467586225332,57.3958177281298,2.0498312801704138e-05,2.225178420030612e-05,-1920.3976143928512,0.004618841467087784,-0.0016786801852177304,54.785687230550614,1.956613213923709e-05,2.123986272474006e-05,0.9327603357095803,0.9940450606306841,0.9943751507923376,8.290016607492332e-203,0.0,0.0,-52149.713477950536,-2579990.3871355867,347.0
56,06-14-2019,2122.423438902025,2137.601951111612,2139.681361748353,410.6863541322549,111.08747107250615,133.98518903991715,-2418.0128633209633,0.003479320446344379,-0.0018376901787696422,290.3830491000052,0.0001814569411018981,0.0001124770835298124,-2791.3041840011037,0.004538787818182093,-0.002012005382377516,78.54636084756501,4.908269411130989e-05,3.0424178055144595e-05,-2684.818952572793,0.0043558165291185036,-0.001967438845014005,94.73659725037362,5.919978180797667e-05,3.669531053994389e-05,0.6256777555236117,0.9715611286550561,0.9563415921301799,1.5508048646170427e-80,9.875682599877494e-289,4.16386908112199e-254,-66670.13323694533,-2580744.832023153,375.0
57,08-14-2019,2129.378527302032,2137.4374343417107,2139.89315395896,426.9748941363374,137.13553871634056,171.28150855886116,-1735.8538529896357,0.004651528991910677,-0.001602306248410244,301.5072409308211,0.00019968375630299612,0.00011708107627479968,-2562.166753618352,0.0045610902299531115,-0.0019236394079146556,96.83791360979414,6.413430829207006e-05,3.7604029391261534e-05,-2461.035670422714,0.0047633993642640475,-0.0018899353607655428,120.95000379942957,8.010338660182696e-05,4.696721901789239e-05,0.5951482371617179,0.9390241816469438,0.9119779653602655,7.112574868930869e-92,8.670759618447465e-282,5.851361959645177e-245,-54566.245178490666,-2580810.990491272,465.0
58,10-11-2019,2140.102641246196,2141.4206849068737,2144.059090879072,256.67347139728696,83.02865895560646,94.48250739948332,-3264.341110665381,0.004637273010325062,-0.0021985094498292463,181.49119807255934,4.714356799200737e-05,7.033252770824376e-05,-2778.0333814180235,0.004589841612729696,-0.0020094873342282405,58.70871931632834,1.5249987493644028e-05,2.27511453551613e-05,-2607.6508517081784,0.004601747752791652,-0.0019447449746401372,66.80761892330464,1.7353731522758226e-05,2.588967817142612e-05,0.9665507002839312,0.9962679368340076,0.9951715590439878,3.386213137474578e-271,0.0,0.0,-57622.524036265444,-2580276.8307824484,369.0
59,12-04-2019,2132.645041025236,2140.487993190006,2141.622251844349,299.74515041524205,80.7686876045651,133.16144236371642,-2901.642665152374,0.0038131193896321055,-0.0020365697421113518,211.7679612110073,0.00012924704558698086,8.21622199634831e-05,-2903.4029772166805,0.004489446609208847,-0.0020554611755515197,57.06254222966658,3.4826632672343024e-05,2.2139256191251064e-05,-2934.880468574588,0.004421573237806215,-0.0020665775274384774,94.07767605986712,5.7417853092098654e-05,3.6500472828287014e-05,0.7626986645844509,0.9820805245498481,0.9519923282604192,5.72049955603176e-138,0.0,5.939161451465955e-290,-62509.400689767564,-2580389.542118959,441.0
60,02-01-2020,2137.3241057074783,2140.271213135846,2142.5247460489013,291.83540503412075,118.41369903474174,147.34829494520162,-2627.80096747114,0.004692546798225686,-0.0019519805991491195,206.39503371811568,9.894857988401914e-05,7.992971026746604e-05,-2423.570675704081,0.004583735720030486,-0.0018715325156749654,83.74583406733962,4.0148889258078316e-05,3.2431886235459444e-05,-2343.5337550800364,0.004564213985073216,-0.0018409496208063186,104.20927611564485,4.995934105889121e-05,4.03566747564371e-05,0.8755721554465586,0.9758963302799515,0.9626786032640997,2.4126604987083915e-185,0.0,9.124297509984706e-292,-50253.81272940198,-2580526.7829898777,410.0
61,03-24-2020,2137.4564007773206,2139.5267532090074,2141.871156657149,349.4772392044942,91.59005357014597,138.78691571602738,-3125.2245798695512,0.004934210149280458,-0.0021502292917799973,247.06516293798921,6.971331964540684e-05,9.577833335579877e-05,-2607.095913475161,0.004582552611917339,-0.0019423428582825966,64.75017245848802,1.8270279047097986e-05,2.510132763691609e-05,-2684.40261773332,0.004622733460925579,-0.0019741129634734907,98.11629513582449,2.7685055083802245e-05,3.803618086582926e-05,0.9367180147299686,0.9946264402799749,0.9879704257534296,6.3169644147812215e-220,0.0,0.0,-60553.87747122466,-2580308.4813904883,368.0
62,05-23-2020,2137.95551896102,2139.1548989997473,2142.5043862746084,213.5838113646246,74.20051632062972,93.43982566688987,-2225.4931964472216,0.004742960281704338,-0.0017974412610832005,150.9117180013307,9.624652887442109e-05,5.853517987174036e-05,-2551.7255249229393,0.004647730077980193,-0.001922201792257329,52.4277908657391,3.343672018455832e-05,2.0335532649472348e-05,-2375.3088446143424,0.004659083536724182,-0.0018553840753056212,66.02169205166048,4.210646313318258e-05,2.5608293847973555e-05,0.8713200316416974,0.9826655207125781,0.9723123192190122,1.1897803876030963e-212,0.0,0.0,-57348.63094217199,-2580977.667477736,478.0
63,07-15-2020,2138.1528660437098,2140.4569255899505,2143.0979809828377,420.30029787430254,112.17495877585125,121.15688565620964,-2025.7509305632702,0.004647112845270215,-0.0017179576121597409,296.73279740446804,6.237252435042353e-05,0.00011535029016809471,-3073.093220290386,0.004610338556907033,-0.0021239243095574492,79.19573096815631,1.664675324557346e-05,3.0786116759446695e-05,-3451.5786603947327,0.0045559571615978196,-0.002270410529025742,85.53698816633278,1.7979670342925654e-05,3.325118251637795e-05,0.9551360910245018,0.9966338304041557,0.9959973237710386,9.728583216840906e-176,2.144e-321,1.179664694391e-311,-69312.41000481107,-2578309.778654994,262.0
64,09-12-2020,2127.8915612031956,2136.532948838983,2139.619702255985,666.7669231514834,133.93817163903873,244.8284051603206,-1902.6979313606626,0.0044842281068321705,-0.0016626380934730272,470.76997236464115,0.00046429956186390625,0.00018269720266502647,-1556.320721504323,0.004720866591151313,-0.0015370559088199222,94.56688262677287,9.326712566203578e-05,3.6699674862187437e-05,-1602.3447568138872,0.004691838105890949,-0.0015554377513988635,172.8607966733493,0.00017048494353993343,6.708410870820624e-05,0.35614363479861966,0.9320964109689784,0.8044235786935254,1.487054186445447e-29,1.2683279963547843e-174,2.1264774149567576e-106,-47013.43692930677,-2580224.2753923475,300.0
65,10-25-2020,2124.22008230338,2138.426905691973,2139.8348539345393,379.47309155408743,119.95865760144416,163.09625592677648,-4029.5087405707936,0.0028659180815814207,-0.0024491650547289086,267.7742919273111,0.00021498512345800584,0.00010409331150902372,-3236.7940681300515,0.00425992857391979,-0.0021787204865953928,84.6485437695364,6.796088415303961e-05,3.290587446602034e-05,-3306.855827615938,0.004152994270836834,-0.0022040201631058926,115.08848827180476,9.239988156303539e-05,4.473895449243358e-05,0.5965780159095656,0.9432907171324286,0.8989763840652681,1.930147381513185e-91,1.4238117714724788e-286,3.797494917147306e-229,-62655.88409635986,-2580358.1959737847,461.0
66,12-18-2020,2133.710698259063,2138.8531646701026,2141.6507633484766,588.5910472964533,110.00327681733779,122.52252461800538,-2565.615730505917,0.004971421001338622,-0.0019327352743315918,416.32500928322037,6.869194549355191e-05,0.00016124037416110222,-1427.9168327262742,0.004677096240031906,-0.0014872103043185383,77.80803913433695,1.2838012283667642e-05,3.0134623342378728e-05,-1096.283316930716,0.004656234477860476,-0.0013593016863990125,86.663212825429,1.4299080187255017e-05,3.3564183151123986e-05,0.9590046025649548,0.9982951727006951,0.9978579431123891,1.8094967072982458e-163,0.0,1.88268653977e-313,-52892.70236596986,-2580396.40708445,237.0
67,02-01-2021,2137.1329111213868,2140.442830342226,2142.570700984819,278.79248899125537,99.6469546620257,135.85622351605068,-3112.309240337107,0.004510872409977957,-0.002135603317851578,196.6843073291238,0.00017258549628746913,7.647705425966536e-05,-2823.2197101944407,0.0045156317218043055,-0.0020249558836117477,70.29957057333735,6.168609199661783e-05,2.733468748054108e-05,-2747.6598086661365,0.0046096685879965914,-0.0019986064237305654,95.84471703412059,8.41013107781192e-05,3.726744509848012e-05,0.735415990139964,0.9537683805727014,0.9179155234437546,3.625021069956393e-139,3.0696e-320,1.188498024872386e-260,-55330.547587547146,-2580657.5128004397,481.0
68,03-15-2021,2158.8015885740588,2149.8759446837385,2150.3777846236667,305.1622791258346,88.99097557562227,113.1490163372034,-3488.0303175336394,0.006204965925544977,-0.0023276097907180063,215.01015897882084,0.00021291255420974626,8.378886388397732e-05,-3159.069746254373,0.0053209238743517455,-0.0021768330218498834,62.70094672580735,6.208924630429145e-05,2.4434385405587676e-05,-3186.4124512122376,0.005214781965968123,-0.0021852434944875194,79.7221336157589,7.894437721360822e-05,3.1067494828135355e-05,0.8445984202197958,0.9808773538552693,0.9689981952153833,1.0737475377506077e-108,1.0308905612273352e-229,8.352145229050229e-202,-70181.71577858382,-2579844.8112975755,269.0
69,05-11-2021,2137.124161142827,2141.0208361739133,2145.420494268573,224.50626293442187,63.617699104479414,74.59075297426553,-2510.0277372448454,0.004733997932165454,-0.001907189701514221,158.68105333005266,0.000131374351716961,6.147978373284907e-05,-1945.574334501087,0.00449183531564874,-0.0016845137776935171,44.96499728954938,3.722717517246706e-05,1.7421350885286082e-05,-1793.305485628489,0.00437427698255107,-0.0016245701460431711,52.720753069127255,4.3648278172696174e-05,2.042626028062179e-05,0.8491897728036019,0.983500441427744,0.9760825046255618,1.344181523357466e-162,0.0,9.648e-320,-47278.71207626502,-2580622.941118615,396.0
70,06-27-2021,2124.300443634611,2135.30245760051,2138.5913185698073,379.57546909973513,119.96472178984058,150.12853903037245,-2829.5480793531287,0.00336134591338917,-0.0019952624023832533,268.0085778682988,0.0002135978314967827,0.0001040602456558212,-2862.2891141588716,0.004057475976661558,-0.0020278289123609973,84.70403674272566,6.750753543478309e-05,3.288821179379995e-05,-2563.969231530513,0.004129809198542896,-0.0019151117330665534,106.00194037408515,8.448156689030367e-05,4.115759295115365e-05,0.5627408908767719,0.9395317143011095,0.9051603345148453,1.869866793522072e-81,1.7302362241990853e-273,8.393483073551985e-230,-64059.944464595166,-2580362.1658803835,450.0
71,08-04-2021,2242.5862147426205,2622.960072587455,2432.7982485082466,1137.5511068421106,3911.859275933174,6664.98699672595,-4946.106651934853,0.0101630736467071,-0.0030139379577301395,743.19519658059,0.0016873972984321026,0.00033161017110168206,-6246.570009245828,0.03010508394122069,-0.004112637389986934,2555.731347880692,0.005802693816878667,0.0011403552033974259,-5748.910677285516,0.019917436638501096,-0.003617567799420185,4354.429696780505,0.00988657211505966,0.0019429258739067324,0.8661852597730839,0.6574280977943601,0.12267975221511318,8.285415945488097e-07,0.00037318562879248184,0.1684870778206199,-76990.9993876065,-2576919.368537415,16.0
