,date,EV1 Pred,EV2 Pred,EV3 Pred,EV1 Conf,EV2 Conf,EV3 Conf,Elevation 1,Elevation 2,Elevation 3,EV1 c0,EV1 c1,EV1 c2,EV1 c0 SE,EV1 c1 SE,EV1 c2 SE,EV2 c0,EV2 c1,EV2 c2,EV2 c0 SE,EV2 c1 SE,EV2 c2 SE,EV3 c0,EV3 c1,EV3 c2,EV3 c0 SE,EV3 c1 SE,EV3 c2 SE,EV1 r2,EV2 r2,EV3 r2,EV1 pv,EV2 pv,EV3 pv,Proj_x,Proj_y,#Samples
0,08-01-2010,2524.33456212321,2524.2770331874317,2525.311580169323,0.1850459392135151,0.16639415981599032,0.21357534716213558,2524.33456212321,2524.2770331874317,2525.311580169323,614.842016744567,-0.0015918682054936882,-0.0015608872374794024,10.780720932569919,1.1440733704093755e-05,7.925493876367804e-06,610.3710117145115,-0.001568236782329435,-0.0015621055879133441,9.694073857575662,1.0287560378014704e-05,7.126640553616319e-06,611.8189397090982,-0.0016053325530885013,-0.0015650432852387772,12.442835685103335,1.3204605748302906e-05,9.147404764834143e-06,0.9948710512520721,0.9958114273537433,0.9932415037443131,0.0,0.0,0.0,113712.67646610322,-1343495.0663761199,313.0
1,10-02-2010,2525.0148143828633,2524.9331326605466,2525.855658067074,0.12989467465958196,0.12216105953423022,0.15448056906216212,2525.0148143828637,2524.9331326605466,2525.8556580670743,550.9982493569919,-0.0015313983865152044,-0.0016036349334725983,8.559427106477186,7.284201199537754e-06,6.316324549054718e-06,557.5483128637495,-0.0015359534385994966,-0.0015990961159036065,8.04981949470874,6.850517457534947e-06,5.940265844592783e-06,539.290063513514,-0.0015198218006866671,-0.001611964863407628,10.179517934206197,8.662922859749515e-06,7.511850761216686e-06,0.9952522827584728,0.995794777900358,0.9932977672083125,0.0,0.0,0.0,115775.20108453369,-1342820.1804201745,542.0
2,11-11-2010,2525.278242858591,2525.275146000374,2525.9020317053355,0.10841226252051699,0.10306161729114102,0.13170581808974655,2525.278242858591,2525.275146000374,2525.9020317053355,552.8954531523423,-0.0015993988981097124,-0.0016083678619544857,7.390160680385234,5.675022336211969e-06,5.488464926129808e-06,557.4490353728334,-0.0015981536291345818,-0.00160486646837924,7.025422162172301,5.394933806712316e-06,5.2175838653521294e-06,562.9558225646306,-0.001586585533428885,-0.001600221305471738,8.978017205765788,6.894362704839088e-06,6.667721402975887e-06,0.9964303200064686,0.9967631737644044,0.9946720078539708,0.0,0.0,0.0,117374.58726125142,-1343099.346710161,583.0
3,12-28-2010,2524.886950542432,2524.8733161817263,2525.479828804182,0.12727980734918803,0.1233380216544086,0.14861241656213162,2524.886950542432,2524.873316181726,2525.479828804182,566.3584004286242,-0.001615840702799945,-0.0015994918548849451,8.773629758067003,6.451963200201211e-06,6.5059509832035545e-06,568.0493177645783,-0.00161678815644876,-0.0015983057079433797,8.501915265447588,6.2521494451553115e-06,6.304465256183611e-06,573.1957907004958,-0.0016024921746501301,-0.0015936749720625062,10.244125502098186,7.5333382625370964e-06,7.596374615780467e-06,0.9952794542044514,0.9955654646916136,0.9934983201561403,0.0,0.0,0.0,118245.45736009142,-1342839.793395069,588.0
4,02-04-2011,2525.4386488051587,2525.33990865593,2526.213135313126,0.09983928350391494,0.09307932389822018,0.12626990537253427,2525.4386488051587,2525.33990865593,2526.213135313126,542.7622798963249,-0.0015603175895761768,-0.0016126122581463652,6.71175612574045,5.595082127511781e-06,5.003219613354333e-06,544.6899335320477,-0.0015597809290289308,-0.0016110566566673171,6.257313758957715,5.2162479868285595e-06,4.664459545194719e-06,544.6659408764492,-0.0015621303794352628,-0.0016119301865411611,8.488570642122305,7.076277653431587e-06,6.32773037791577e-06,0.9967314562886807,0.9971538945393664,0.9947845793072977,0.0,0.0,0.0,117557.91767333508,-1343243.7348747163,562.0
5,03-13-2011,2524.6588085666276,2524.5613919273114,2525.624944300697,0.1502356606513882,0.14064118975389922,0.18573989207809785,2524.658808566628,2524.561391927312,2525.624944300697,565.6651165342748,-0.0015448535988694784,-0.001593627586099221,10.191064521588068,7.752815938391379e-06,7.498273077779198e-06,565.832483729713,-0.0015466826457844098,-0.0015935904754576587,9.54023454190697,7.2576993557256585e-06,7.0194123165195e-06,573.2677375997862,-0.0015425931582113482,-0.0015884889611736655,12.59945352648247,9.584989272535108e-06,9.270291928014585e-06,0.9961985605181839,0.9966706551881698,0.9941733734062403,0.0,0.0,0.0,119857.87270420842,-1343219.5113943561,354.0
6,04-22-2011,2525.115434282492,2525.009886556812,2525.997427123729,0.11011616869791084,0.10280321099014553,0.12212094528509555,2525.115434282492,2525.009886556812,2525.997427123729,551.9031886890734,-0.0015691697025472092,-0.0016063406797762947,7.524493889800185,5.660717576654106e-06,5.566789484565873e-06,548.8216699769187,-0.0015594558640938136,-0.0016077064388326954,7.024782482845644,5.284781974070045e-06,5.197091768507787e-06,566.0509983402653,-0.0015957075642844473,-0.001598786043887795,8.344808191922933,6.277844476670806e-06,6.173676419152404e-06,0.996397375250252,0.9968426622975697,0.9956228491464232,0.0,0.0,0.0,116996.47366535044,-1343171.2484635548,596.0
7,05-31-2011,2524.1732014166428,2523.999127618982,2525.217345963228,0.10610707176186976,0.09756430125757733,0.12188143382498497,2524.1732014166428,2523.9991276189826,2525.2173459632286,579.6226516098645,-0.0015829673100723049,-0.0015862091872746989,7.354825501952763,5.359527610687299e-06,5.456383383869402e-06,576.4063521298528,-0.0015771659191636562,-0.0015879665677456488,6.762682251566509,4.928027488885003e-06,5.017085321472119e-06,589.2987353348051,-0.0015915755347346602,-0.001580535832364983,8.448227463311982,6.156299471546332e-06,6.2675542664779195e-06,0.996534414910347,0.997060726707076,0.9954416335509849,0.0,0.0,0.0,116946.74177205443,-1343040.8010019686,598.0
8,07-15-2011,2524.7226652750164,2524.5757434252123,2525.807457793281,0.12202093040113213,0.11355893250808405,0.13353039743121684,2524.722665275016,2524.575743425212,2525.807457793281,548.7859594885558,-0.001567438439467155,-0.0016082175739485201,8.368738677381188,6.2269582543765835e-06,6.197785174532001e-06,549.2408163594973,-0.0015614001228835168,-0.0016072412655642083,7.788377186750297,5.795126539476243e-06,5.767976575988568e-06,556.8250574533179,-0.0015844396155541077,-0.0016045275051176564,9.158109169568485,6.81430806795986e-06,6.782383274949974e-06,0.9955284708790644,0.9961079587115407,0.9946932328439834,0.0,0.0,0.0,117536.44086723603,-1343093.1373908997,598.0
9,08-23-2011,2524.6489137313374,2524.5790095938482,2525.43313183843,0.1190998657226851,0.11071489288108147,0.1298780858449246,2524.6489137313374,2524.5790095938482,2525.43313183843,581.3681303507437,-0.0016065931644854603,-0.0015873308408532619,8.302360671301436,5.9637966140967915e-06,6.15235470451464e-06,578.3511449605662,-0.0016054402823267558,-0.0015894240781334002,7.7178506189476135,5.543928192434156e-06,5.719211251368146e-06,598.9644164887172,-0.0016174146165933768,-0.001575761013970715,9.053702163661608,6.5035042979194e-06,6.709126392499444e-06,0.9957658703495431,0.9963408540373133,0.9949693137358291,0.0,0.0,0.0,117614.7271949987,-1343007.355297598,601.0
10,10-07-2011,2524.847854832178,2524.7959563363256,2525.538827611743,0.13812796041179878,0.13216537652449553,0.14921568632943238,2524.847854832178,2524.7959563363256,2525.538827611743,545.6811403742586,-0.0015735998846247799,-0.0016111613713564797,9.558132255104553,6.867719529822602e-06,7.086991271505153e-06,548.6294496980306,-0.0015743573928311693,-0.0016089939906192702,9.145535376073402,6.57125997387193e-06,6.781066389708039e-06,546.7551186629435,-0.0015745714651623315,-0.0016109612261147733,10.32537699261762,7.419001048778156e-06,7.655874041981517e-06,0.9942593183854145,0.9947372542549813,0.9933104148234305,0.0,0.0,0.0,117714.5847340167,-1342976.2606128755,607.0
11,11-16-2011,2524.747862617302,2524.633298230153,2525.5916006770176,0.1263793068925649,0.11855321229533616,0.15065437994746228,2524.747862617302,2524.6332982301533,2525.5916006770176,556.4366245744859,-0.0016176005365705877,-0.0016069290295835494,8.724910557832999,6.354798446677472e-06,6.4642451493798655e-06,552.2197165724831,-0.0016196044511775714,-0.0016101585433898299,8.184616604201846,5.961274736087453e-06,6.063943903212489e-06,576.6846120891717,-0.0016198227135078814,-0.0015926769850605807,10.400800752153211,7.575434960149447e-06,7.705904303100565e-06,0.9953647867295139,0.9959319241426846,0.9933784061019811,0.0,0.0,0.0,118172.89178861715,-1343021.2600736064,599.0
12,12-31-2011,2524.3726712172224,2524.2186508967848,2525.434064359996,0.13127985498049302,0.12234241707434726,0.15502106986304257,2524.3726712172224,2524.218650896785,2525.434064359996,551.084730201941,-0.0015876636477262626,-0.0016080150455496716,9.02611431087577,6.683445215678765e-06,6.687040963312335e-06,554.5248566498794,-0.0015891793473969491,-0.001605471810542579,8.411622954231024,6.2284410825386885e-06,6.231792034265027e-06,559.2225590933758,-0.0015851353056496112,-0.0016025254392899911,10.658435731731434,7.892108258813796e-06,7.896354276949613e-06,0.9948388858681266,0.9955117303729473,0.9927819639339633,0.0,0.0,0.0,118180.49282880378,-1342953.162831866,602.0
13,02-07-2012,2524.613742446664,2524.4039016541824,2525.7558319806944,0.10237872911206378,0.09175376415116504,0.1230463404639193,2524.613742446664,2524.4039016541824,2525.755831980694,546.6974568018009,-0.0015689537933158602,-0.0016098239470376222,6.849942382349665,5.737222282069043e-06,5.105817412105589e-06,550.5829582143662,-0.0015692136571440998,-0.0016067977007293505,6.139048640779214,5.1418077243012745e-06,4.575930671274019e-06,553.7272128190491,-0.0015592205944356208,-0.0016045890359641345,8.232768172140037,6.895418729654881e-06,6.136549584921102e-06,0.9966167006214157,0.9972752112922751,0.9950760909080687,0.0,0.0,0.0,117412.69158048996,-1343307.732121257,558.0
14,03-15-2012,2523.8573011656676,2523.6512111716524,2525.1063657894347,0.12372624393259515,0.11317482474686204,0.14914935275855382,2523.8573011656676,2523.651211171652,2525.1063657894347,583.8986460970355,-0.0015757070139319174,-0.00158215532896033,8.898483466336655,5.682382550463163e-06,6.573754314655022e-06,575.5341953758714,-0.0015745493114272793,-0.0015881279410345987,8.139617552493782,5.197786895116369e-06,6.013142150319235e-06,604.545986659221,-0.0015876241879647988,-0.0015687559340580122,10.726932357699159,6.849991178831987e-06,7.924520862032647e-06,0.9968704267486191,0.9973865067103623,0.9954642808423255,0.0,0.0,0.0,116234.86075081301,-1343021.9422034947,455.0
15,04-20-2012,2524.4693499217715,2524.1970387353135,2525.689406384137,0.152518542946761,0.14262757309078442,0.1612022911640247,2524.469349921771,2524.197038735314,2525.689406384137,532.1736822245875,-0.0015815950060957395,-0.0016216353568925977,10.03368954236222,7.607808668005747e-06,7.4185066267958725e-06,529.2385833637873,-0.001570685628389642,-0.0016226633549047452,9.382995411066346,7.114435175494063e-06,6.9374095483328325e-06,547.8862922967664,-0.0015984968076431971,-0.001612324369675875,10.604964562350327,8.040964490749837e-06,7.840884407532644e-06,0.9950126173416278,0.9956101209056868,0.9944549879847446,0.0,0.0,0.0,120765.72157330674,-1343403.1180668199,470.0
16,05-26-2012,2523.9649183974375,2523.8210712542564,2524.9976981139503,0.11620943334169287,0.10955929469017114,0.12684921456178894,2523.964918397437,2523.821071254256,2524.99769811395,588.891108269828,-0.0016029166737824784,-0.0015808990996603327,8.101191914133205,5.70703993316164e-06,5.968712588275143e-06,585.2809350966329,-0.0015945987652084513,-0.0015827520559874662,7.637597454345351,5.380451929464795e-06,5.627150245681702e-06,591.8479642648833,-0.0016036467948342893,-0.0015795305025732914,8.842912333118573,6.229559100125949e-06,6.515189705309639e-06,0.9963966875888846,0.9967820701855852,0.9957081683466409,0.0,0.0,0.0,116393.05956617084,-1342723.3868868956,593.0
17,07-02-2012,2524.9521200479885,2524.863838203701,2525.9811897663094,0.25323291457225977,0.11198460133582035,0.13643054555668518,2524.9521200479885,2524.863838203701,2525.9811897663094,549.6511525773412,-0.001540816833773238,-0.0016054151781972905,16.462193996627555,1.4329283219588962e-05,1.2287281527725981e-05,544.5737403127364,-0.001546600219942013,-0.0016096355655175118,7.279907649184084,6.336692335115292e-06,5.4336788158185626e-06,573.7272129698481,-0.0015581624719936368,-0.0015897742449854104,8.869092360334932,7.719975621594982e-06,6.619836623791706e-06,0.9807641517638509,0.9962026717512349,0.9943243094444452,0.0,0.0,0.0,115400.2882052526,-1343138.9740280493,524.0
18,08-11-2012,2524.873634078197,2524.764396942506,2525.510543733955,0.13785376457617732,0.13209127046179894,0.14684803133961022,2524.873634078197,2524.764396942506,2525.5105437339553,586.8805201655051,-0.001582058498634124,-0.001581247666873379,9.346853136880434,6.975877743390231e-06,6.9104271853562745e-06,580.7022146813615,-0.0015776560061482594,-0.0015853809188533837,8.956140657218056,6.684275591197729e-06,6.621560964653251e-06,598.7894860605438,-0.0015944987071155785,-0.0015739440004862203,9.956688426990377,7.4310187801768355e-06,7.361297901483939e-06,0.9951847486866056,0.9955766602768794,0.9945566290673301,0.0,0.0,0.0,119474.66684148122,-1343698.4448362282,518.0
19,09-17-2012,2525.084163469979,2524.99924477499,2525.6051491362095,0.12418063628448003,0.11931951586240837,0.14807427296900777,2525.084163469979,2524.99924477499,2525.6051491362095,545.2616165274192,-0.0016015647170700051,-0.0016140962443256406,8.785038425639481,5.815919380144021e-06,6.515823333537211e-06,540.348103559747,-0.001600405599743551,-0.0016175897221639408,8.441143185789805,5.588251965014255e-06,6.260757786918183e-06,556.8425184042092,-0.0015881372382925431,-0.0016046873867603744,10.475370531205474,6.93496232285321e-06,7.76953502394137e-06,0.995911093157101,0.9962280738366289,0.9941117613376489,0.0,0.0,0.0,117550.97139599697,-1341811.4668200868,577.0
20,10-24-2012,2525.294916508413,2525.2762604797613,2525.743047090098,0.1273105104710519,0.12443787470801068,0.13149685826265978,2525.294916508413,2525.2762604797617,2525.743047090098,551.4641222430093,-0.0016015808339070233,-0.0016096367957041126,8.608129923525738,6.6147647989618205e-06,6.388077893322586e-06,553.321403504731,-0.0016010594423419974,-0.0016081945449178407,8.413895984964453,6.465509173062454e-06,6.2439372332629244e-06,549.1455089449955,-0.0016033514557712832,-0.0016118515453061423,8.89119080799062,6.832277916346834e-06,6.598136871820652e-06,0.9955588694183147,0.9957509257228465,0.995275121265484,0.0,0.0,0.0,116406.23276773874,-1343830.0298117637,538.0
21,12-03-2012,2525.2164856904465,2525.198118822473,2525.6246463507828,0.1047308062721845,0.10160188783209076,0.11557277023856354,2525.2164856904465,2525.1981188224727,2525.6246463507828,554.83350486369,-0.001521462681431197,-0.0016000604692087764,6.936828626659065,6.315416515833217e-06,5.141253832702323e-06,555.6727940198607,-0.0015229828153581896,-0.0015995549389570922,6.729585201557498,6.126738285459427e-06,4.987654672199643e-06,561.4898282984941,-0.0015230047081122842,-0.0015955436231343315,7.654944419803703,6.969202357230106e-06,5.673487764450338e-06,0.9967235838304617,0.9969169138777698,0.9960018806529316,0.0,0.0,0.0,116968.4126446163,-1343358.7517019098,504.0
22,01-05-2013,2524.9457973576123,2524.8918480129896,2525.4854923908597,0.15683187091799747,0.1486181166589451,0.1774620570718797,2524.9457973576123,2524.8918480129896,2525.4854923908597,581.1760053892799,-0.001616870053064118,-0.0015885940188953517,11.349994395292084,7.020467231581558e-06,8.437896757246908e-06,578.6374039109173,-0.0016175238553729197,-0.001590501042198991,10.75556123410759,6.652784360196864e-06,7.99597886121348e-06,586.3603760885699,-0.0016111923719281961,-0.0015846393260624048,12.843010424787627,7.943962851601177e-06,9.547845773523396e-06,0.9947441499688671,0.9952845250687006,0.9932387024786676,0.0,0.0,0.0,117881.09783432857,-1342704.4838381936,463.0
23,02-10-2013,2525.692085960202,2525.628204021654,2526.20240163855,0.10505620810953842,0.09948622472555241,0.1292052637875131,2525.692085960202,2525.628204021654,2526.20240163855,542.2039948264119,-0.0015631976041960223,-0.0016134685538094784,7.0302749132725495,5.903555178056405e-06,5.2415186015895304e-06,541.1142432113966,-0.0015631469093410491,-0.0016142278783520011,6.657536213150136,5.590554120442661e-06,4.963618113439987e-06,550.1684887841752,-0.0015572340692752663,-0.001607397177880803,8.646309827978326,7.260593331801983e-06,6.4463757616213455e-06,0.9963689380883681,0.99674422855599,0.9944764087315154,0.0,0.0,0.0,117704.95051305025,-1343201.576211423,566.0
24,03-18-2013,2524.8898804159844,2524.821724871207,2525.411238977524,0.14087083434573228,0.13209058814101537,0.15958049744995917,2524.8898804159844,2524.821724871207,2525.411238977524,595.9074907826493,-0.001577115202836643,-0.0015741067021184376,10.121664128333698,6.427464934209217e-06,7.476784203373177e-06,590.985870294277,-0.0015770798908949447,-0.0015777170163974014,9.49079753724731,6.026851671314926e-06,7.010768605259558e-06,608.6633317680012,-0.0015800816872787215,-0.0015652576661758046,11.46596599733392,7.2811242746533955e-06,8.469808161811973e-06,0.9959418024512698,0.996437079518992,0.994784388391593,0.0,0.0,0.0,115697.91364302293,-1343036.3568770646,459.0
25,04-23-2013,2525.5695495330656,2525.519751185851,2526.0165106565123,0.14707343422518468,0.14327156241990016,0.15419096083865658,2525.5695495330656,2525.5197511858505,2526.016510656512,547.7932886431289,-0.0015901540060642978,-0.001611574476915591,9.657622498512348,7.47598758608442e-06,7.1439308695802095e-06,546.0518548721104,-0.0015878460205586437,-0.0016126319765807755,9.407971411781313,7.2827321108842655e-06,6.9592591136281815e-06,552.6874735066604,-0.0015924207463302261,-0.001608461833812709,10.124997082616797,7.837783316799143e-06,7.489656923746782e-06,0.9953624441206437,0.9955951210524224,0.9949015187545004,0.0,0.0,0.0,120518.7145802347,-1343412.470033655,458.0
26,05-29-2013,2524.620587264358,2524.5443882208006,2525.117369167396,0.11965215315330838,0.11305635017081173,0.12899010910231137,2524.620587264358,2524.5443882208006,2525.117369167396,601.840329289349,-0.00162266950097741,-0.0015734747010094424,8.375837615147871,5.829472936197731e-06,6.165582857987738e-06,596.4449766359967,-0.00161684460871294,-0.0015769251977618376,7.914121103848286,5.5081243104855e-06,5.825706234523808e-06,609.8651755043556,-0.001621508936543646,-0.0015677685224132652,9.029509117284068,6.2844197135773675e-06,6.64676050176598e-06,0.9963024806670105,0.9966915116300713,0.9956877644845272,0.0,0.0,0.0,116172.98358374386,-1342703.5554060698,591.0
27,07-05-2013,2525.6914469708413,2525.613075698063,2526.2301687771774,0.12475646245186435,0.11384748950744931,0.14723294390523053,2525.6914469708413,2525.613075698063,2526.230168777178,564.6557538670004,-0.0015320549861552258,-0.0015940281219645523,8.08194718419114,7.671283352993795e-06,6.015437907164821e-06,559.6170490975746,-0.0015278676409665837,-0.001597354744020061,7.375244369449626,7.000489865399009e-06,5.4894351006614965e-06,569.5090071561217,-0.001543553257248934,-0.001591821922514941,9.538013927525757,9.05336372476854e-06,7.099196422730237e-06,0.995268199161844,0.9960594105794258,0.9934450003580044,0.0,0.0,0.0,116140.23988623153,-1343240.5474503252,499.0
28,08-14-2013,2525.221938354238,2525.1899044169313,2525.659934520833,0.12697233973185068,0.1211066557172417,0.13978270103045898,2525.221938354238,2525.1899044169313,2525.6599345208333,585.0039900591189,-0.0015799503213038523,-0.001582719614006156,8.604104079457311,6.428766914724819e-06,6.35903360624446e-06,584.3075039035939,-0.0015795259895877143,-0.0015831771743341353,8.206624156944784,6.1317800638548e-06,6.065268193631736e-06,596.8537548076217,-0.0015831362507772006,-0.0015745022873057196,9.472180403329013,7.077371382874667e-06,7.000602613930555e-06,0.9958378537822737,0.9962122107255659,0.9949437260961548,0.0,0.0,0.0,119432.63679074676,-1343593.372763852,530.0
29,09-07-2013,2524.5588122716385,2524.502112403382,2524.9945672761464,0.13504882349693678,0.12545872560823915,0.14867895627625213,2524.5588122716385,2524.502112403382,2524.9945672761464,539.5428732795126,-0.0016836617963708158,-0.0016251452874085706,9.365291186190648,6.585288019054585e-06,6.944883126030086e-06,539.9143246592612,-0.0016832303657301501,-0.0016247887836004578,8.700242377146479,6.1176530179408105e-06,6.451712528331253e-06,543.1115416707971,-0.001680538062582605,-0.0016225395427284005,10.310506102403862,7.249924316999997e-06,7.645812439553243e-06,0.9977075502193289,0.9980200101930279,0.9972131320056415,0.0,0.0,0.0,115873.72912505764,-1342041.3640914497,282.0
30,11-07-2013,2524.8497100592526,2524.7627045936842,2525.507661225391,0.14612612631844515,0.13761880316645209,0.1731158160179856,2524.8497100592526,2524.762704593684,2525.507661225391,576.6672042928503,-0.0015957124348352425,-0.0015900282316875405,9.944591110799118,6.9763806837239855e-06,7.357953338833667e-06,575.1600645500832,-0.0015957899063422216,-0.001591092299249662,9.36562653872694,6.570222480519559e-06,6.929580341021936e-06,585.8792661896005,-0.001594544509963146,-0.0015835575177843046,11.781370303051187,8.264927466022384e-06,8.716977097553627e-06,0.9950996020831745,0.9956541440114721,0.9931041605618474,0.0,0.0,0.0,120277.28730319432,-1343635.3221672445,502.0
31,12-15-2013,2524.8868593358493,2524.7494083690653,2525.5877576102134,0.12173986568840359,0.11149185637172022,0.1516690952592992,2524.8868593358493,2524.7494083690653,2525.5877576102134,544.6098992748402,-0.0016137342673809428,-0.0016154992524932722,8.425776577852801,6.080840126186007e-06,6.234544756072588e-06,543.8149531562303,-0.001616861046476898,-0.0016162623152257052,7.716498344447008,5.568957630552188e-06,5.709723471076753e-06,553.6218654502327,-0.0016053207399901208,-0.0016085755758469353,10.497218008206735,7.575788876886241e-06,7.767281138030594e-06,0.9958406281573665,0.9965175753459121,0.9934974861107378,0.0,0.0,0.0,118033.63614192622,-1342016.7185846746,599.0
32,02-04-2014,2525.1322494517663,2525.014926353884,2525.7765898243792,0.12508443358180082,0.11714773601869648,0.14344433717230565,2525.1322494517663,2525.014926353884,2525.776589824379,566.3191227299496,-0.0016118616299553247,-0.001599355598347077,8.547735950817186,6.351569431835129e-06,6.32710759018026e-06,565.7530406007918,-0.0016108254741651758,-0.0015995990474702462,8.005375937280203,5.948557768530082e-06,5.925648048378196e-06,573.558108392516,-0.0016069092831737645,-0.0015940126120549116,9.802373346378989,7.283853322626788e-06,7.255800969814217e-06,0.99539768241242,0.9959589315495074,0.9939175024605368,0.0,0.0,0.0,118424.00193745813,-1343373.4172754602,606.0
33,03-16-2014,2524.7678416238546,2524.6487767916174,2525.471731557423,0.11062448752773424,0.10301192624108563,0.1280886678934721,2524.7678416238546,2524.648776791617,2525.471731557423,579.588052604387,-0.0015663410833871012,-0.0015852230493897186,7.6272279173703765,5.6695543576337605e-06,5.666872119177772e-06,578.3744715867988,-0.0015668325938679266,-0.0015860809180644727,7.102364559674601,5.279407194205044e-06,5.276909532465183e-06,585.4807705084731,-0.001570544936579458,-0.0015817277575075894,8.83133097825081,6.564601395668052e-06,6.561495714833016e-06,0.9961590624650507,0.996670650048391,0.9948594760108215,0.0,0.0,0.0,116586.6114374291,-1343028.6850610392,586.0
34,04-26-2014,2525.3858074360974,2525.281026627483,2526.04504428235,0.12434735596710143,0.12059842052752792,0.13363759351274435,2525.3858074360974,2525.281026627483,2526.04504428235,546.165539188526,-0.0015814889862701136,-0.001611891449101466,8.4404704827429,6.186079649039658e-06,6.248875603452965e-06,542.4677219682799,-0.0015749110578782252,-0.0016139909698229052,8.185999620252431,5.999576180193417e-06,6.060478905939775e-06,552.6283441025216,-0.0015972352314114228,-0.0016089483117862,9.071074770001337,6.648253926644487e-06,6.715741491336686e-06,0.9965843688233784,0.9967775774605664,0.9960884730417885,0.0,0.0,0.0,119538.48301145322,-1343442.914767485,461.0
35,05-31-2014,2525.0063350679616,2524.9144847574503,2525.59656388734,0.13281613801016495,0.12289724202009417,0.1430272126170516,2525.0063350679616,2524.9144847574503,2525.59656388734,592.4925582826186,-0.001546770515503274,-0.0015740810030023637,8.407530653060867,7.32507723395369e-06,6.225268479651841e-06,593.2726103210521,-0.0015419158250824401,-0.0015730071415023293,7.77964443886335,6.778030163544596e-06,5.7603566738734475e-06,594.8298623227442,-0.0015473921731447356,-0.0015728346938484092,9.053912365748989,7.888238542956113e-06,6.703875084595444e-06,0.9952652536620795,0.9959295877501123,0.9945100888918225,0.0,0.0,0.0,114380.22956889801,-1343330.0007607467,519.0
36,07-04-2014,2524.8898259446987,2524.796238387183,2525.4436231347627,0.12941161266226495,0.12361678975179738,0.13771376691314824,2524.8898259446987,2524.796238387183,2525.4436231347627,556.0872087496045,-0.001579299380148326,-0.0016039439442766291,8.745681110467963,6.519551982953157e-06,6.50807046390199e-06,552.2372148590048,-0.0015764943303582797,-0.0016064951779782262,8.35406499330092,6.2276179870775395e-06,6.21665059012312e-06,564.5755961545137,-0.0015824077039647748,-0.001598308586555343,9.306743538420605,6.937801358675415e-06,6.925583264750998e-06,0.995667508008037,0.996044845955127,0.9950886077136469,0.0,0.0,0.0,119339.46584134009,-1341924.449822399,506.0
37,08-04-2014,2525.061151869991,2525.051112493815,2525.4431204185053,0.20182292091057163,0.19951915956257604,0.2054362313560344,2525.0611518699907,2525.051112493815,2525.4431204185053,577.1929434871809,-0.0016120308060826565,-0.0015912219098400777,13.898329626419837,8.73062823088466e-06,1.0252872294509371e-05,576.1826601793596,-0.0016099142597260554,-0.0015917814174338178,13.739683450631926,8.630970155541357e-06,1.0135838159898424e-05,575.0150885835124,-0.0016149223748968176,-0.001593380677376003,14.147156565365263,8.886935899227187e-06,1.0436433261691462e-05,0.9940956413918344,0.9942218469206286,0.993903161719213,0.0,0.0,0.0,113668.62705135583,-1344861.8568854893,374.0
38,09-15-2014,2525.435199230796,2525.449375845763,2525.801757859797,0.11717997195419483,0.11450232094861013,0.13807922892011026,2525.4351992307966,2525.449375845763,2525.801757859797,557.8730645109792,-0.0016339883203953557,-0.0016078050676153449,7.679080400532216,6.6103734262181265e-06,5.669556791924479e-06,558.1964682629948,-0.0016325564421354557,-0.0016074495749587659,7.5036076041781925,6.459321392700881e-06,5.5400031302258745e-06,561.3262082850603,-0.0016205223196891804,-0.0016043289831913108,9.048658084140046,7.789345315122311e-06,6.680732356335656e-06,0.9963453830907186,0.9965064047579885,0.9948839869942065,0.0,0.0,0.0,119704.8365684692,-1342758.9766625937,537.0
39,10-23-2014,2525.2656100949525,2525.2671593671967,2525.7609764019985,0.13799662359360676,0.13452988164856433,0.15465501071312793,2525.2656100949525,2525.2671593671967,2525.760976401999,570.5652400865872,-0.0015752235997103308,-0.0015930882395014153,9.64756004406757,6.614993379418096e-06,7.1954648720255885e-06,572.7206776029416,-0.0015758358780497512,-0.0015915382375508544,9.405194686117209,6.448811958321081e-06,7.014700884928136e-06,566.5530643608447,-0.001566835271868901,-0.0015957102200454365,10.812173972909207,7.413528282924893e-06,8.064071916311843e-06,0.9939873342003953,0.9942812176689562,0.99242808080978,0.0,0.0,0.0,118444.17695332073,-1342564.6127267876,606.0
40,11-28-2014,2525.1119876862867,2525.034765753005,2525.817346752103,0.13621394257340627,0.12956878922997747,0.16557008627609968,2525.1119876862867,2525.034765753005,2525.817346752103,536.3472231544972,-0.0015979118594126036,-0.0016204341398863406,9.342521222232683,6.721956533304678e-06,6.914230584727643e-06,542.2295213626876,-0.0015994976629632104,-0.0016161360181738676,8.886749331609082,6.394028047514009e-06,6.5769220712281405e-06,538.7701862757453,-0.001583884977443773,-0.0016179281908559203,11.355974400113436,8.170638791724438e-06,8.404350779508768e-06,0.9959933130695299,0.996367518314852,0.9940298308195985,0.0,0.0,0.0,115757.02624668946,-1343603.9371118597,461.0
41,01-15-2015,2525.1198112890215,2525.0836637773045,2525.6305318598984,0.17161207081918853,0.16696640639412433,0.18422284434122996,2525.1198112890215,2525.0836637773045,2525.630531859899,574.2174719996269,-0.0017393271604288477,-0.001604617807602758,9.746604410348105,1.1421424766915947e-05,7.077439609149923e-06,574.9700777259031,-0.0017374641299515627,-0.001603867586929275,9.482756691737492,1.1112238434819197e-05,6.885848136277998e-06,574.4767884830965,-0.0017356753845765064,-0.0016044854889064103,10.46282571252279,1.2260718881547871e-05,7.597519505646615e-06,0.9964458606222929,0.9966305835404274,0.995900468401184,0.0,0.0,0.0,121410.98931695046,-1343398.8063799024,295.0
42,02-16-2015,2525.2524418406283,2525.122290324064,2526.007559850018,0.10024194442997938,0.09166775049128688,0.1209402635723119,2525.252441840628,2525.1222903240637,2526.007559850018,546.0723617203905,-0.00156397596619392,-0.0016103293383279865,6.726888577343007,5.604498719769486e-06,5.017846778049075e-06,547.5943400768199,-0.0015642295210373316,-0.0016091215111444816,6.151504215117324,5.125117965295485e-06,4.588645292854511e-06,549.1121195022045,-0.0015623904299745595,-0.0016084897080324897,8.115880854002686,6.7617358802790835e-06,6.0539499244051486e-06,0.9967065497529424,0.9972423936746972,0.9952028216138428,0.0,0.0,0.0,117446.79458387381,-1343317.6563239514,560.0
43,03-26-2015,2524.816137668603,2524.7216205011164,2525.5271524192376,0.17017277398074662,0.1583669816107977,0.18723660778086348,2524.816137668603,2524.7216205011164,2525.5271524192376,585.882990704687,-0.0015536018198445951,-0.001579457884495113,10.587591262861478,8.859503986054373e-06,7.908454411420184e-06,585.215143367453,-0.0015513946395309028,-0.0015796916254352783,9.85307362397656,8.244872972449355e-06,7.359802776002269e-06,585.7853577193623,-0.0015569595886501379,-0.001580353689276987,11.649246975624367,9.747878195590882e-06,8.70146347236309e-06,0.9946814991652346,0.9953857602997058,0.9935845447502519,0.0,0.0,0.0,113338.09421361443,-1343682.8003900133,349.0
44,05-04-2015,2525.262513103643,2525.1753803074903,2525.971390853408,0.11064727051160844,0.10578468635059934,0.12170138680009253,2525.262513103643,2525.17538030749,2525.9713908534077,557.209727145552,-0.0015791379574223497,-0.0016033715724130561,7.515332526570604,5.814689594520958e-06,5.5558500308813715e-06,554.2602933651222,-0.001573321409620829,-0.001604993672926206,7.185058343222562,5.55915308293441e-06,5.311688668058632e-06,564.5690059185838,-0.0015934299721277827,-0.0015996707394555687,8.266145079945783,6.395600941571964e-06,6.110902243555599e-06,0.9963923713230676,0.9966935988485371,0.9956652048609955,0.0,0.0,0.0,117161.44514857393,-1343232.6026827495,588.0
45,06-11-2015,2524.683368556575,2524.6105455665643,2525.303639985928,0.11220775566631914,0.10419251150160984,0.12188200477501354,2524.683368556575,2524.6105455665643,2525.3036399859284,592.0444204165242,-0.0016012941218253478,-0.0015789443904984793,7.797360038738404,5.64985187282515e-06,5.781154217510054e-06,588.3507130986527,-0.0015925712946554598,-0.0015808769896604605,7.240377643183704,5.2462706587961366e-06,5.368193791270598e-06,593.3587816197569,-0.0016011357947301574,-0.001578413788975582,8.469627325060493,6.136966815292329e-06,6.2795896928897195e-06,0.9962024558483221,0.996709300082986,0.9955205468774323,0.0,0.0,0.0,116947.41756334843,-1343014.117588457,596.0
46,07-27-2015,2525.294036246263,2525.236725467766,2525.964612844263,0.1331857765579204,0.12971045951122287,0.13961921036978475,2525.294036246263,2525.236725467766,2525.964612844263,536.514920470448,-0.0015699382089863995,-0.0016179974470948986,9.089683958239334,6.860709151119526e-06,6.725794880415737e-06,534.3842286799036,-0.001566453177477842,-0.0016192361780919863,8.852499970371673,6.681687486170694e-06,6.550293635416905e-06,546.6740577350192,-0.0015796476048645903,-0.0016117826776576218,9.528753967267624,7.1921102914410216e-06,7.050679093380009e-06,0.9947566423687415,0.9950188970950603,0.9942515755295807,0.0,0.0,0.0,117672.27338943367,-1343074.0142018748,597.0
47,09-04-2015,2524.9174675215254,2525.1208575252354,2525.5588662830396,0.2867610054617657,0.11815963909669806,0.1266306885882527,2524.9174675215254,2525.1208575252354,2525.5588662830396,590.4752273127642,-0.0016026086839778409,-0.001580401950366492,20.01530623959847,1.4293308812500672e-05,1.4832256641764021e-05,591.9541492779913,-0.001622972485954862,-0.0015812339188971715,8.247290658914725,5.889546272397437e-06,6.111619287155123e-06,602.0392176940513,-0.0016162856930377464,-0.00157346666634787,8.838551836392885,6.311777064041204e-06,6.549770840855436e-06,0.9757684866337356,0.9958591182604061,0.9952042367135807,0.0,0.0,0.0,117599.1480503798,-1342964.3334305047,604.0
48,10-19-2015,2525.3052470279717,2525.2915792287563,2525.6644271379278,0.145072143836398,0.14355350469028133,0.15184283643480206,2525.3052470279717,2525.2915792287563,2525.664427137928,554.5929128468151,-0.0015859691729555989,-0.0016059492594470476,10.039544296328613,7.219065162915464e-06,7.444828999558407e-06,556.610656338006,-0.0015833335332478566,-0.0016042062855546782,9.9344486896035,7.1434947972802256e-06,7.366895300818771e-06,548.020454561987,-0.0015770876004312703,-0.0016103328259265283,10.508101983980858,7.555987674526227e-06,7.792288182768059e-06,0.9937158062390155,0.9938289818496348,0.9930990751597886,0.0,0.0,0.0,117675.50132303983,-1342985.928081553,604.0
49,11-28-2015,2525.1135094080573,2525.1990936176735,2525.7162431070947,0.24032603977694456,0.13397539726048951,0.1550674234529313,2525.1135094080573,2525.1990936176735,2525.7162431070947,581.954487006732,-0.0016280260640070413,-0.0015891153255633342,16.683389023472945,1.2051290430022487e-05,1.2357602935586886e-05,582.2486255022372,-0.0016265496393308935,-0.001588830886517757,9.300547182253034,6.718274991595586e-06,6.889036094541012e-06,583.8375626417633,-0.001619409124302706,-0.0015874082267112919,10.764751721183854,7.775947034295412e-06,7.973591413794998e-06,0.983502441348185,0.9948083883881854,0.9930195413130317,0.0,0.0,0.0,118159.9992358501,-1343045.8609360715,595.0
50,02-06-2016,2525.2023977734825,2525.128704042062,2525.879134381275,0.1515393187626014,0.14554293702116897,0.17261513660523725,2525.2023977734825,2525.128704042062,2525.879134381275,561.0724308065919,-0.001613567644662107,-0.0016034632417859561,10.145481939397026,7.378499975644576e-06,7.505623555115702e-06,562.5035419552214,-0.0016133163690020102,-0.0016023209310839837,9.744027167424811,7.0865341485982725e-06,7.208627472442931e-06,564.0446369884403,-0.0016079381700647806,-0.001601261749941255,11.556497450252909,8.40468857611465e-06,8.549492276007925e-06,0.9949248156432229,0.9953126910993044,0.9933926562776294,0.0,0.0,0.0,120473.9302492166,-1343518.856464536,490.0
51,03-15-2016,2524.8475574871813,2524.770645870239,2525.514768051751,0.11839509987453396,0.11278497291660076,0.12941947183229127,2524.847557487181,2524.770645870239,2525.514768051751,576.7503766118741,-0.0015742390650053215,-0.0015880860308954776,8.182831389199261,5.859677715014421e-06,6.046477994108582e-06,578.4325780803256,-0.0015757219600857108,-0.0015869061080662277,7.795089641288631,5.582018116356238e-06,5.759966903432395e-06,576.059580086928,-0.0015746688175731476,-0.0015891346653780743,8.944776579475276,6.405302210884632e-06,6.60949641726732e-06,0.9961474824893757,0.9965035131542787,0.995404298955093,0.0,0.0,0.0,115995.23989786686,-1342565.3393863984,578.0
52,04-20-2016,2525.3730449948243,2525.3066749367886,2526.018233359759,0.13449554178957998,0.12887563482236208,0.14233460221825958,2525.3730449948243,2525.306674936788,2526.018233359759,584.7995637386759,-0.0015940544104711646,-0.0015842182561355757,8.675889264169435,8.292127780443839e-06,6.448878278625043e-06,582.8484460998325,-0.0015881425834905095,-0.0015851042324885707,8.313366537579551,7.945640558135337e-06,6.179411384128294e-06,586.2243509919601,-0.0016046767476821497,-0.0015845671790062363,9.181562681371982,8.775433694447874e-06,6.824750562950216e-06,0.9947870063888599,0.9952016277123262,0.9941957401189724,0.0,0.0,0.0,116239.01577989143,-1343574.850808918,490.0
53,05-30-2016,2524.9747858376304,2525.0585990178806,2525.7331652744456,0.27311115749024995,0.13388541361877473,0.14740021097656586,2524.974785837631,2525.0585990178806,2525.7331652744456,567.2757742487031,-0.0015261404875436698,-0.001591026511669391,18.494702349747417,1.428032316732815e-05,1.3682129516160275e-05,577.3546330065083,-0.0015460846806915765,-0.001585330093052424,9.066531358872066,7.000545094643068e-06,6.707296714948773e-06,580.7038824102242,-0.0015597979608548112,-0.001584538548541797,9.981734372713662,7.707201225367399e-06,7.384351469989585e-06,0.9803575521716941,0.9952470889112726,0.9942890844500847,0.0,0.0,0.0,119039.7364069659,-1343712.7631534997,510.0
54,07-06-2016,2525.081286470727,2525.032287381346,2525.657248864307,0.1200192793810917,0.11730139639947441,0.1233182471467851,2525.0812864707273,2525.0322873813466,2525.657248864307,569.7829239964069,-0.0015799620684222282,-0.0015939480070667118,8.357250409551483,5.864427503967508e-06,6.207002721240264e-06,569.7960597687654,-0.0015789365329588584,-0.0015938120249475653,8.167997243059103,5.731625275913841e-06,6.06644274494962e-06,573.0963830447974,-0.0015790145936821944,-0.0015918270480595072,8.586966000687157,6.025622916899798e-06,6.377614492985293e-06,0.9956849951355791,0.9958742907273574,0.9954370095006491,0.0,0.0,0.0,117120.88834371776,-1341894.7102333484,601.0
55,08-12-2016,2524.772572404063,2524.749520160237,2525.4117454295706,0.13825092817412576,0.13403629820214136,0.1473170419245656,2524.772572404063,2524.749520160237,2525.4117454295706,591.7758997290605,-0.0016032789453113028,-0.0015793843658968654,9.340221634713442,6.81279680265136e-06,6.920100490314787e-06,591.3369449423822,-0.0016022070493027442,-0.0015796002265070742,9.055481571382797,6.605106207190958e-06,6.7091387027975136e-06,588.6095778807677,-0.0016140002682416795,-0.001583155550278808,9.952727553585294,7.259561186719772e-06,7.3739015536378275e-06,0.995291292350825,0.9955703101399359,0.994705485429823,0.0,0.0,0.0,115436.65929179134,-1344102.4281265624,513.0
56,09-23-2016,2524.759893970912,2524.6868231227527,2525.4649408078417,0.1212354180047834,0.11571147730921125,0.12683841329908663,2524.759893970912,2524.6868231227527,2525.4649408078417,565.9714291155133,-0.0016116826629374967,-0.001599321580007288,8.422327000431116,6.0622738862922635e-06,6.250606333624275e-06,565.7540255835697,-0.0016119025581421554,-0.0015994482739988842,8.038574169494611,5.786053933581092e-06,5.965805247715929e-06,567.145648517368,-0.001605357406426346,-0.0015984188928885223,8.811571821192135,6.342446896928546e-06,6.539483284359474e-06,0.9956794675806779,0.99606356173485,0.9952510231954792,0.0,0.0,0.0,117367.88877083205,-1342543.8199055712,592.0
57,10-30-2016,2524.9616929879858,2524.944021631638,2525.8925913593475,0.2714331131402862,0.1319123439046493,0.16377137139137204,2524.9616929879858,2524.944021631638,2525.8925913593475,559.0613646681177,-0.0016066523868267658,-0.0016041762687909397,17.15109659191032,1.443964635523315e-05,1.2777244082012893e-05,568.9777720308575,-0.0015975162102973926,-0.0015959810373099245,8.335170774842782,7.017447406597508e-06,6.209545313018642e-06,558.8632615071683,-0.0015784562540815368,-0.0016025499682340081,10.348253303459389,8.712277800756268e-06,7.709253899436508e-06,0.980190629829447,0.9951986949506242,0.9925766340188171,0.0,0.0,0.0,120950.99610096395,-1342648.6966395092,541.0
58,12-04-2016,2524.9382953659424,2524.7972267453333,2525.8842318642937,0.12981453423968567,0.12191270447657798,0.14869117151689118,2524.9382953659424,2524.7972267453333,2525.8842318642937,571.8542714058549,-0.0015332439538872874,-0.001588212127085478,8.437901487607641,6.353248612499645e-06,6.268471849722797e-06,581.1348270114554,-0.0015359304359160025,-0.0015814327664678291,7.924285184905735,5.966525436448053e-06,5.886909047671355e-06,567.2397995287124,-0.0015292954036945708,-0.001592006396622549,9.66487662330459,7.277089462014985e-06,7.17998511042179e-06,0.9960796790194881,0.9965311233226966,0.9948632611086823,0.0,0.0,0.0,113747.08009038848,-1344021.5392357656,471.0
59,01-29-2017,2524.5882753585674,2524.469615886026,2525.527234759743,0.13735710859448094,0.13361717005601303,0.1441134159094819,2524.5882753585674,2524.469615886026,2525.527234759743,571.6320784287545,-0.00162636383634481,-0.0015962638939510689,9.245662481835266,7.432953222028379e-06,6.866316667311648e-06,574.410184170702,-0.0016201496276299788,-0.001593563580016642,8.993922984831247,7.2305698980595385e-06,6.679361637588755e-06,566.4193317223453,-0.0016398119156258836,-0.0016020203923931766,9.700437176078353,7.798564559832713e-06,7.204056344602249e-06,0.9947768247292087,0.9950294324517243,0.9943190290103605,0.0,0.0,0.0,117075.39565144561,-1343707.5040539298,523.0
60,03-10-2017,2524.6760753045364,2524.5233095234544,2525.633485422078,0.12873708488277283,0.11956179029846034,0.15073119420437558,2524.6760753045364,2524.5233095234544,2525.6334854220786,559.8665889260255,-0.0015424821944917254,-0.0015977499728195813,8.67617534835074,7.184634173707091e-06,6.41905873050612e-06,562.3054835735345,-0.0015409080257102028,-0.0015956827602293124,8.057810680856525,6.672573992404224e-06,5.961562315536847e-06,558.2841010326513,-0.0015414213049439818,-0.00159954811056877,10.158458012128914,8.412094229974702e-06,7.515723919022839e-06,0.9953459613697243,0.9959737276403112,0.9936352677090238,0.0,0.0,0.0,118153.50024744817,-1343587.0161484429,512.0
61,04-11-2017,2524.363934484581,2524.2337105117977,2525.311294326592,0.14473571189542478,0.13454873438138662,0.15802730307308652,2524.363934484581,2524.2337105117977,2525.311294326592,605.5857558304197,-0.001622320386809739,-0.001570464610228705,10.208511190219815,6.946429372362729e-06,7.575155342248723e-06,602.4839755681078,-0.0016234836496152134,-0.0015727787055962927,9.490002450524726,6.4575167267559e-06,7.041990885989117e-06,613.3544520661599,-0.001626238213048442,-0.0015657288920381957,11.145994797418377,7.584344494735479e-06,8.27080858913397e-06,0.9954294273397606,0.9960559876901841,0.9945564256461008,0.0,0.0,0.0,117085.50456042099,-1342540.5523778743,452.0
62,05-19-2017,2524.760162221562,2524.643053868142,2525.646304412403,0.12272415889038323,0.11559111861902842,0.13317052397107818,2524.7601622215616,2524.643053868142,2525.646304412403,578.115873318528,-0.0015554850990501655,-0.0015853635936973465,8.472856449734957,6.122167301324717e-06,6.272928987328941e-06,573.7320934816184,-0.0015507465200606284,-0.001588125557815157,7.980392481625643,5.766331365648765e-06,5.90833039899046e-06,586.7214736104554,-0.0015644781668505377,-0.0015804032501777953,9.194071836759766,6.643290406130023e-06,6.8068850308680835e-06,0.9952218330898696,0.9957532545875803,0.994393685679884,0.0,0.0,0.0,116929.61346244243,-1343406.7746382253,631.0
63,07-01-2017,2524.5710067745617,2524.466385712185,2525.404413486779,0.1213649856534769,0.11566557273865813,0.12840099434091964,2524.5710067745617,2524.466385712185,2525.404413486779,571.4455188609095,-0.001641314990721969,-0.001597697987569088,8.118207534409708,6.933489439207957e-06,5.996757451055704e-06,568.4392012347885,-0.001639273230900063,-0.0015996796692386516,7.7369689373184825,6.607886308769796e-06,5.715144128404541e-06,572.959259599123,-0.0016371151127904243,-0.0015968240373164756,8.588852164173876,7.335451270838697e-06,6.344413220925456e-06,0.9959871630582388,0.9963548917208577,0.99549765894561,0.0,0.0,0.0,118043.09584597782,-1342610.752478726,529.0
64,08-09-2017,2525.1416652672733,2525.0606445456983,2525.9263359726115,0.12977265843904667,0.12116086687389375,0.14817821059958203,2525.1416652672733,2525.060644545699,2525.9263359726115,561.2336080430384,-0.0015622847110447827,-0.001598811354703349,8.687706408040526,6.766494927659572e-06,6.472787976776208e-06,561.3126260327433,-0.0015642611992437764,-0.0015988651262260202,8.111184992325551,6.3174662598040305e-06,6.043249878603349e-06,568.2837452444801,-0.001568895202174696,-0.001594725059192386,9.919876846536186,7.726181481336911e-06,7.390818308953677e-06,0.9947957444008054,0.9954659913111567,0.993233608462416,0.0,0.0,0.0,119361.04379788911,-1342740.729046607,570.0
65,09-14-2017,2524.960318358245,2524.9430906236594,2525.486516571252,0.13719291104723252,0.13282918682516046,0.14336658658049994,2524.960318358245,2524.9430906236594,2525.486516571252,553.303025126419,-0.0016148779327651958,-0.0016091819700299933,9.742064475018859,6.346967564459631e-06,7.1940288411283915e-06,554.9634202701636,-0.0016157956530220528,-0.0016080132702535293,9.432196549655256,6.145088211618931e-06,6.965206829354336e-06,558.8154305470935,-0.0016139351278068024,-0.0016053872550217865,10.18045698843283,6.632580852102651e-06,7.5177598524886684e-06,0.9961224320740112,0.99636429144216,0.9957555797962955,0.0,0.0,0.0,116173.55701705143,-1343336.7851271026,480.0
66,10-25-2017,2525.073732065213,2525.0188731002304,2525.774535337037,0.13121354159107393,0.1244930295744,0.1497534366210993,2525.073732065213,2525.0188731002304,2525.7745353370374,550.7234177383684,-0.0015793618611145716,-0.0016080796700507502,9.074406808026948,6.536955160695407e-06,6.72774433278804e-06,552.9258689065257,-0.001580846033573808,-0.0016065289513759037,8.609632675273087,6.2021445521412945e-06,6.383161859926529e-06,544.7232257233884,-0.0015723714673299412,-0.0016124569794831911,10.356580489484886,7.460598109620758e-06,7.678344950720245e-06,0.9948215918068356,0.9953360455560746,0.9932535117742949,0.0,0.0,0.0,117838.96973667988,-1342998.065455565,607.0
67,12-03-2017,2525.0865474996153,2525.0292244101297,2525.8215278935245,0.12302360155715326,0.11675380001278882,0.15005898875830317,2525.0865474996153,2525.0292244101297,2525.8215278935245,564.0664462789041,-0.0016192176477806714,-0.0016016422585856732,8.479329675511762,6.254597553176454e-06,6.283438605635725e-06,563.5639185907798,-0.0016206175874303196,-0.001602096192168709,8.0471872766381,5.935836885287234e-06,5.963208076086122e-06,575.5312705362112,-0.0016120324487915317,-0.0015930252685324635,10.342727902203881,7.6290937026681825e-06,7.664272799296646e-06,0.9955911983557713,0.9960319696970299,0.993390361934883,0.0,0.0,0.0,117842.73574993374,-1343039.525936783,592.0
68,01-24-2018,2525.0472439622195,2525.0062792652916,2525.758897113462,0.1273820248654858,0.12229741432270709,0.15172489604247813,2525.047243962219,2525.0062792652916,2525.758897113462,570.1795127102253,-0.0016086443965990752,-0.001596136780767376,8.841191745201185,6.22811591066399e-06,6.592278412894287e-06,569.0001247572276,-0.0016127720847929367,-0.001597345462575899,8.488284678404986,5.979512986867866e-06,6.3291394939288454e-06,581.9293073678281,-0.0015877828045278142,-0.0015860937338284284,10.53075502490618,7.418316988489936e-06,7.852071420105517e-06,0.9950164578674997,0.995420309506588,0.9928043238084646,0.0,0.0,0.0,118652.13130796043,-1342410.6147201932,597.0
69,03-02-2018,2525.2737856644894,2525.144981013066,2526.153710856112,0.13977312846962459,0.13124039650321098,0.16682120491358668,2525.2737856644894,2525.144981013066,2526.153710856112,553.4874710705682,-0.0015511908001751,-0.0016037061242939964,9.280349455036719,6.748355125866616e-06,6.8796141790535656e-06,555.7072978631645,-0.001557355083951727,-0.0016024968736058935,8.713811842826537,6.336388203944311e-06,6.459634284027846e-06,553.7707863199897,-0.0015402162276825283,-0.0016031901495957297,11.076228278361276,8.054257249653572e-06,8.210916785347153e-06,0.9955179656130793,0.9960588147152167,0.9935811072745327,0.0,0.0,0.0,114248.95168518498,-1344154.0460719184,484.0
70,04-10-2018,2524.9222458888216,2524.832464481439,2525.76209099265,0.10952972621314024,0.10050112973440069,0.12724373089411695,2524.9222458888216,2524.832464481439,2525.76209099265,575.0751793414288,-0.001600769135488026,-0.00159170990083589,7.351359975605187,6.273569433365704e-06,5.427665450353333e-06,571.7590909862342,-0.0016028293848150202,-0.0015942921341692597,6.745383268800899,5.756435602652152e-06,4.980259957199019e-06,588.4145105444873,-0.0015957908357303427,-0.0015819684911586123,8.540279454579773,7.288180189304643e-06,6.305469992736828e-06,0.9965188135942309,0.997076082992783,0.9952621374323442,0.0,0.0,0.0,117603.27560818296,-1342756.6892382961,548.0
71,05-16-2018,2525.322795073673,2525.2368796676537,2526.105563677163,0.12927499800993913,0.12375355758101916,0.1420278695355663,2525.3227950736728,2525.2368796676537,2526.105563677163,545.9555604828565,-0.0015836627071146784,-0.0016121910414459986,9.128012644558666,6.0568714059818195e-06,6.766858830341723e-06,544.5824719066793,-0.001580903789740135,-0.0016129079676182078,8.738147791887078,5.798177496333097e-06,6.47784077968058e-06,552.9297959279429,-0.0015923541918408848,-0.0016083419020114663,10.028483534765007,6.654376755633258e-06,7.434403851600078e-06,0.9964142389606755,0.9967081112852505,0.995691544177427,0.0,0.0,0.0,117072.16464998401,-1343271.1977730761,458.0
72,06-21-2018,2524.9778614782404,2524.905481239927,2525.676973188331,0.11109469132427417,0.10620775630294028,0.12386187273931445,2524.97786147824,2524.905481239927,2525.676973188331,588.2635244616981,-0.0015588246033922497,-0.0015782629152883882,7.675498345847776,5.698069248515568e-06,5.697578089981824e-06,590.4895099929131,-0.0015582935618392779,-0.001576505322319868,7.337861495475779,5.447417360184292e-06,5.446947807181928e-06,590.4076654169594,-0.0015647180236525514,-0.0015777026987684002,8.557579016542357,6.352900572544683e-06,6.352352969278709e-06,0.9960481206902716,0.996381651245035,0.9951087692614954,0.0,0.0,0.0,117125.54333588002,-1343067.486881585,597.0
73,08-05-2018,2525.3222634726617,2525.313566887343,2525.8725679526638,0.12021382890090086,0.11632562659212362,0.12670805861674572,2525.3222634726617,2525.313566887343,2525.8725679526638,558.2964499297107,-0.0015840787307069002,-0.0016030392533081543,8.267254766433961,5.998651369911629e-06,6.129404949638384e-06,559.1666821044787,-0.0015812863117135435,-0.0016021405860174567,7.999858250047322,5.8046306792895365e-06,5.931155158460933e-06,553.1822295496879,-0.001587227666743879,-0.0016075319871316307,8.713871034002759,6.322712422941449e-06,6.46052961415698e-06,0.9956270329709139,0.9958946614747426,0.995167174043442,0.0,0.0,0.0,117159.77246674852,-1343059.0571004446,612.0
74,09-13-2018,2525.297345682619,2525.290695377912,2525.7730678319635,0.1143794923776442,0.10967578168310563,0.13080954873917042,2525.2973456826185,2525.290695377912,2525.7730678319635,585.9162129154702,-0.0016153306998746982,-0.0015851919870502299,7.950304577774681,5.748233152471862e-06,5.8900475359193125e-06,583.6588448928796,-0.001610490480730021,-0.0015864441816340058,7.623358445311243,5.51184439788847e-06,5.647826845748767e-06,594.3296651414744,-0.001606567696708285,-0.001578515685170445,9.092327064403099,6.5739388162344046e-06,6.736124144372086e-06,0.996108779230367,0.9964126784108638,0.9948672961955013,0.0,0.0,0.0,117535.54347803457,-1343038.8568693171,602.0
75,10-28-2018,2525.2599826313735,2525.246349512071,2525.7915621425263,0.13403417884119062,0.12872982471237182,0.15153981981183162,2525.2599826313735,2525.246349512071,2525.7915621425263,545.3877102655674,-0.0015770017164939462,-0.0016119842808006524,9.24557633507747,6.688092712245572e-06,6.856064837862886e-06,548.6889262760005,-0.0015777881653268433,-0.0016095851816481342,8.879685997041141,6.423413863181553e-06,6.584738552706687e-06,541.6756362943247,-0.001568715237280298,-0.00161441870697235,10.453102216071885,7.5615964022087776e-06,7.751506661439138e-06,0.9945755095566143,0.9949893592972399,0.9930505838620001,0.0,0.0,0.0,117910.18441572321,-1342955.3559185157,609.0
76,12-04-2018,2525.1043269115416,2525.0681171552,2525.7429825355093,0.11521823262810746,0.10886336578258747,0.12754376274058482,2525.1043269115416,2525.0681171552,2525.7429825355093,555.3934230854584,-0.0016379132491594912,-0.0016097482125544413,7.608463598310285,6.145209529569204e-06,5.639445001480702e-06,563.1571802745807,-0.0016374745239408316,-0.0016039027552505686,7.188818443520761,5.8062702192959926e-06,5.328401156689363e-06,554.3716727889987,-0.0016274285399918422,-0.0016100670912354395,8.422382932543808,6.802596501906597e-06,6.242727551465053e-06,0.9968784220365766,0.9972008329919451,0.9961555533525541,0.0,0.0,0.0,115275.89504902609,-1342880.8143917203,480.0
77,01-20-2019,2525.012671488181,2524.973918673666,2525.6558535436766,0.1339933003113974,0.1285826445834626,0.1562618954116048,2525.012671488181,2524.973918673666,2525.655853543677,559.418849074864,-0.0015945503525978733,-0.001602889284404578,9.200042134944477,6.935578263883246e-06,6.814873675228843e-06,561.1426828286403,-0.0015969904956176844,-0.001601790523910893,8.828544003610432,6.655519289482778e-06,6.539688757758858e-06,565.5786398749872,-0.001575687667441016,-0.0015971318991897614,10.72901420091266,8.08821487915866e-06,7.947450171041784e-06,0.9947239186920769,0.9951432395720671,0.9927286068269948,0.0,0.0,0.0,117923.5373255159,-1342917.653392133,583.0
78,02-28-2019,2525.4481662690628,2525.383289077409,2526.1081085870437,0.10279452576312412,0.0964610028262293,0.11867401948313541,2525.4481662690628,2525.3832890774083,2526.1081085870437,545.1326862845226,-0.0015710318735917942,-0.001611791955206617,6.896085871348066,5.758432304524936e-06,5.139656391643656e-06,549.1247714445199,-0.0015703484903668403,-0.0016087117592674142,6.471194392773985,5.40363556014216e-06,4.822984551363728e-06,548.0113672148409,-0.0015688729758332341,-0.0016099512256767578,7.961379489609996,6.6479834643634625e-06,5.933620280177255e-06,0.9965928948056396,0.9969909067010326,0.9954528407622637,0.0,0.0,0.0,117573.64599114782,-1343295.137875803,558.0
79,04-06-2019,2524.876069038241,2524.7870440473203,2525.634130883876,0.13789297405819329,0.127369262789967,0.15937689985576323,2524.876069038241,2524.7870440473203,2525.6341308838755,590.9384472718107,-0.0015612592285872081,-0.0015764086534481004,9.83097943097425,6.451680608459302e-06,7.274264175577863e-06,588.4209325791462,-0.0015637598347993888,-0.0015784354382377247,9.080699079687108,5.959301468894e-06,6.719107131528675e-06,600.723679417727,-0.0015544617077879559,-0.0015690932209666097,11.362660316496221,7.456861825331258e-06,8.407605107903025e-06,0.9959184859202455,0.9965257398103693,0.9945061593745751,0.0,0.0,0.0,116569.45128107365,-1342991.0333775769,453.0
80,05-16-2019,2525.566128230876,2525.5033335126554,2526.1618800412393,0.11091013551310752,0.10502925193987002,0.12232402536825687,2525.566128230876,2525.5033335126554,2526.161880041239,554.8450032002283,-0.0015787723967601143,-0.0016053261679016863,7.518007346927567,5.889262558409196e-06,5.556123608929684e-06,551.8871023844004,-0.0015743875338184942,-0.0016070979480100906,7.119373572802414,5.5769911210273156e-06,5.261516484790777e-06,563.534450556007,-0.0015866086062058852,-0.0015999859926888295,8.291694146524202,6.495333354903166e-06,6.127910692233466e-06,0.9963775811511792,0.9967458301099158,0.9956016940507163,0.0,0.0,0.0,117311.40917310605,-1343238.615131608,585.0
81,06-23-2019,2524.6899395326127,2524.6247038937267,2525.3173040388256,0.10711761066613928,0.09941555737562813,0.11933500431448046,2524.6899395326127,2524.624703893727,2525.3173040388256,595.6885269877082,-0.0016176103705465813,-0.0015776637327744724,7.448793963225708,5.349508627138156e-06,5.5198658707719e-06,591.3083186774086,-0.0016113199520680999,-0.0015803258887540752,6.913205018538759,4.964864120343139e-06,5.122972205685214e-06,598.3775486880504,-0.0016110334687293934,-0.0015755534250583084,8.298372734535983,5.9596515561808076e-06,6.149439045629469e-06,0.9966109985166085,0.9970721634426132,0.9957739264781263,0.0,0.0,0.0,116978.72354354555,-1343070.6344674164,598.0
82,08-08-2019,2525.331091044749,2525.2258223196354,2526.0777079516483,0.12712387720376958,0.11865777421794393,0.14151106184529477,2525.331091044749,2525.2258223196354,2526.0777079516483,545.8524018144324,-0.0015690071444704385,-0.0016109918238137065,8.72951088049429,6.5086472370117805e-06,6.460063433669992e-06,545.9032639993466,-0.0015655650794086564,-0.001610574442710594,8.148149300299643,6.0751891092381375e-06,6.029840854493437e-06,553.2274912478329,-0.0015767306281475038,-0.0016067326446166468,9.717469143176013,7.2452603078602865e-06,7.191178055567449e-06,0.9952012100348546,0.9958065564999055,0.9940723767987698,0.0,0.0,0.0,117663.73104159263,-1343084.6052415487,596.0
83,09-16-2019,2524.813153484902,2524.7482177352163,2525.528052373682,0.11642779238026164,0.11023258534492873,0.13173460749719348,2524.813153484902,2524.7482177352167,2525.528052373682,589.7695175697925,-0.001611920667831498,-0.0015816643823709446,8.138266443923687,5.792859761427479e-06,6.0297408679228426e-06,586.5301789790965,-0.0016102443440278956,-0.001583881065317885,7.705223400709497,5.4846175040270025e-06,5.708893995529294e-06,603.6630954036234,-0.0016131487829421014,-0.001571960304698782,9.208208055675431,6.554449683863749e-06,6.822473657777323e-06,0.9959742394073599,0.9963905638176729,0.9948263997995387,0.0,0.0,0.0,117608.06402345204,-1343047.12515248,602.0
84,10-29-2019,2525.466602412665,2525.4473218440307,2525.959796307021,0.13415064050006228,0.12943139369006554,0.14798441396985235,2525.4666024126655,2525.4473218440307,2525.959796307021,549.4344080554556,-0.0015232843345346341,-0.001604425681540492,8.807752578074004,7.530113101351327e-06,6.501771671117746e-06,553.4848293184737,-0.001526156121048906,-0.0016016470381100855,8.49790718263573,7.265213417703161e-06,6.273047714963273e-06,543.1047650091659,-0.0015191515923178149,-0.0016091437141761825,9.716018490876271,8.306627312993582e-06,7.172242092414594e-06,0.994868182011881,0.9952186954407496,0.993770199084252,0.0,0.0,0.0,115786.93532835192,-1342781.378850829,547.0
85,12-10-2019,2525.287090354918,2525.2717726286946,2525.8052756410693,0.13014847155951248,0.12506015825989208,0.1548923433571868,2525.287090354918,2525.2717726286946,2525.805275641069,577.3113201762972,-0.00162187132603766,-0.0015921629235146708,9.045346150765065,6.520921161921026e-06,6.7009833588694385e-06,578.3767715237727,-0.0016239550143887205,-0.0015915405902658898,8.691707306085432,6.265977792423368e-06,6.439000238074487e-06,584.7352129401347,-0.0016185606699026583,-0.0015867319808069427,10.765050445708077,7.760680917073335e-06,7.974976600312692e-06,0.9950842692274722,0.9954638038817161,0.9930142563293696,0.0,0.0,0.0,118034.60538993297,-1343077.574538445,595.0
86,01-23-2020,2524.9176886337086,2524.869016103721,2525.619729629555,0.12840093159579058,0.12265438280790993,0.15285086620278557,2524.9176886337086,2524.869016103721,2525.619729629555,565.1811716854208,-0.0016059320402962564,-0.001599524290310286,8.8487800946008,6.534532006730479e-06,6.556332965921343e-06,566.2165587743411,-0.0016089041820022704,-0.001598977236847889,8.452755346995556,6.242080803172732e-06,6.26290606636157e-06,572.2975604577114,-0.0015923065606663757,-0.0015935567346791538,10.533753030359255,7.778828899802379e-06,7.804781168644683e-06,0.9951176521885172,0.9955497537996945,0.9930105240355093,0.0,0.0,0.0,118298.99904363936,-1342943.2358639946,597.0
87,03-02-2020,2525.4141395519478,2525.289570595526,2526.182998951899,0.10018633331034332,0.09110855833288162,0.12504118594250918,2525.4141395519473,2525.289570595526,2526.182998951899,551.960878417558,-0.0015663953683459277,-0.0016062773930065888,6.708673923020107,5.617854022275942e-06,5.0015702386451735e-06,557.9790917363516,-0.0015679991249005715,-0.0016018444033567628,6.1008082565366815,5.108826363659313e-06,4.548383385108395e-06,550.9488306308822,-0.0015586221030736203,-0.0016069232054586463,8.37300373933483,7.0115664101882605e-06,6.242391088203189e-06,0.9967065183009288,0.9972685093839687,0.9948599037487261,0.0,0.0,0.0,117424.9889503085,-1343274.0435176094,563.0
88,04-08-2020,2524.7182989382604,2524.6332403889746,2525.5510652310018,0.13636202126947883,0.1278188631065625,0.15953861775009642,2524.7182989382604,2524.6332403889746,2525.551065231002,587.9980622765615,-0.0015640960169895487,-0.00157872849650354,9.750776718697566,6.327833536633342e-06,7.2041303787149865e-06,584.7813143780452,-0.0015658540568319283,-0.0015812138471498975,9.139885013326419,5.931391167782236e-06,6.752787514476256e-06,602.8573503338232,-0.0015606745345592703,-0.0015679864129481604,11.408055008334106,7.403335667718671e-06,8.428571181411386e-06,0.9961215300370734,0.9965996636786265,0.9946537068634764,0.0,0.0,0.0,116192.22984452087,-1343034.1431046517,455.0
89,05-18-2020,2525.3829605324713,2525.2952159281813,2526.0624231623738,0.11139044740775708,0.10602632532304741,0.1229487646824874,2525.3829605324718,2525.2952159281813,2526.0624231623733,553.2461690659329,-0.0015829870546897982,-0.0016067488660677334,7.56152854912775,5.873547117742351e-06,5.588974683190202e-06,550.5959485776857,-0.0015779966348839463,-0.0016082200236882897,7.197395329198758,5.5907003876807565e-06,5.319831832737507e-06,564.8683364687697,-0.0015958621053206905,-0.0015997284455394733,8.346142922154272,6.483009802342114e-06,6.168908996526654e-06,0.9963521634155481,0.996687373561011,0.9955727053240399,0.0,0.0,0.0,117210.09923660944,-1343196.3177597523,589.0
90,06-26-2020,2524.7489351425206,2524.627948792118,2525.491908864747,0.10701981257710846,0.10070329864237715,0.12277518396391839,2524.748935142521,2524.627948792118,2525.491908864747,583.1855896734801,-0.0015708395925878881,-0.0015829241764522182,7.40091011504601,5.485106676670199e-06,5.494279743225009e-06,584.5651044029382,-0.0015735959316008948,-0.0015820482021167708,6.964094251282636,5.161365194398589e-06,5.169996849028622e-06,589.226475946874,-0.0015702320302874116,-0.0015789267268106167,8.490466194967812,6.2926197035391285e-06,6.303143221630433e-06,0.9963730759912715,0.9967910502249023,0.9952181051587238,0.0,0.0,0.0,117065.85800915911,-1343021.3975398329,596.0
91,08-13-2020,2525.4188944344023,2525.3808614007153,2526.0614344848746,0.11264990920261146,0.10962363826587077,0.1324152885298063,2525.4188944344023,2525.380861400715,2526.0614344848746,555.8588187740788,-0.001581058374353289,-0.0016046617640036653,8.159088115157227,5.0493786638400006e-06,6.041488416979244e-06,557.878962222899,-0.0015799568327641152,-0.0016030330796252754,7.93989920140007,4.913730193219908e-06,5.879187524415761e-06,558.7519160426993,-0.0015756017837294295,-0.0016025088347866806,9.590669131965797,5.935334856469289e-06,7.101518656749449e-06,0.9954161747000461,0.9956509049063783,0.9936452428259149,0.0,0.0,0.0,118205.52217293125,-1342943.9586178355,809.0
92,09-29-2020,2525.48513075211,2525.503381655634,2525.822544109602,0.11638453935861046,0.1134982569565848,0.125250732852638,2525.4851307521094,2525.503381655634,2525.822544109602,580.6442967530902,-0.0015511243962796875,-0.0015836394098269037,7.824039116846276,6.255083539612375e-06,5.777884115493873e-06,581.2218547550765,-0.0015486175637453026,-0.0015830036863765653,7.630006588642157,6.099960379414249e-06,5.63459527888954e-06,585.0035071835518,-0.0015647710571746925,-0.0015818391108389238,8.420075713283431,6.73159684018537e-06,6.218044284861152e-06,0.9954342431961735,0.9956486930970686,0.9947511127059662,0.0,0.0,0.0,116289.1008773736,-1343130.738180281,654.0
93,11-16-2020,2525.409933065286,2525.4005927254075,2525.8746976228517,0.12865869340071787,0.12338412744780904,0.1480330809992579,2525.409933065286,2525.4005927254075,2525.8746976228513,540.2836189333202,-0.001624332890857259,-0.0016200368550261272,8.96201556111762,5.965958761353594e-06,6.664621299378906e-06,540.5377736006449,-0.001624559421896502,-0.001619860501944174,8.594603605501373,5.721374877216545e-06,6.391394643126466e-06,544.0322027921356,-0.001616032639219968,-0.0016168658742946734,10.311582843000249,6.864357418940811e-06,7.668229783479575e-06,0.9955192043235083,0.9958778328046913,0.9940326732189777,0.0,0.0,0.0,119899.97249194772,-1342710.9885336466,588.0
94,12-20-2020,2525.6692706237445,2525.6526156616774,2526.2507369559653,0.13514562193358096,0.13066484367215656,0.16077822381179932,2525.6692706237445,2525.6526156616774,2526.2507369559653,580.008751208728,-0.0015540564676208685,-0.0015845061884571209,9.327223898895777,6.5478713423060805e-06,6.927419684512786e-06,581.7171537738927,-0.001555869996679813,-0.0015833805467089673,9.01797805366269,6.330775448642728e-06,6.69773979488613e-06,581.9157942323291,-0.001537293612463014,-0.0015820527370825751,11.096286140136423,7.789783413650987e-06,8.241319374917944e-06,0.9951528636177253,0.995469903873303,0.9930666528193913,0.0,0.0,0.0,115663.71310002869,-1343444.936314953,523.0
95,01-30-2021,2525.297989546265,2525.298077236162,2525.7902503037285,0.09981857061946689,0.097390100743481,0.10461599514356061,2525.297989546265,2525.298077236162,2525.7902503037285,577.430352962519,-0.0015580276505211949,-0.0015864968202295346,6.392112872141276,7.203003944609934e-06,4.70495854246126e-06,579.7045434258966,-0.0015592092787987141,-0.0015849071302512184,6.236600190908615,7.027763225498464e-06,4.590492366306025e-06,575.4579971760243,-0.0015612354949775277,-0.001588612376774691,6.699327039433411,7.549190706813341e-06,4.931085638411937e-06,0.9964869096340649,0.9966519894702865,0.9961543025942814,0.0,0.0,0.0,117803.79187747133,-1343024.0700492621,577.0
96,03-19-2021,2525.1408822398903,2525.0761097110985,2525.748398214271,0.12724591348889502,0.11981282005453114,0.14068536152254218,2525.1408822398907,2525.0761097110985,2525.748398214271,548.826610751807,-0.0016293294763077301,-0.0016139134356347937,8.89123408085681,5.912614747324617e-06,6.613038748554955e-06,549.1556225280938,-0.0016304739170015562,-0.0016137203888857152,8.371851007109166,5.567228269651859e-06,6.226736874056814e-06,549.899105942502,-0.0016180395394580335,-0.0016125795172155714,9.830307683355368,6.5370927872078244e-06,7.311494110835735e-06,0.9955736857350018,0.9960764213695391,0.9945486223445382,0.0,0.0,0.0,119845.6642940256,-1342651.4840416366,590.0
97,04-22-2021,2525.2798975453647,2525.1678336597224,2526.071545245713,0.13444252998341522,0.12557562890009805,0.1595912242256322,2525.2798975453647,2525.1678336597224,2526.071545245713,579.2543253380838,-0.0015503753040737637,-0.0015844559101085237,9.301260208503132,6.467079151241596e-06,6.908730437982845e-06,582.5329363762337,-0.0015530133336028773,-0.0015821623509881155,8.687813301298958,6.040555259312741e-06,6.453078276352807e-06,578.6946937860463,-0.0015351655317869476,-0.0015841312545900176,11.04114526635253,7.676804944407575e-06,8.201071108848791e-06,0.995202325871685,0.9958134063307315,0.9931823459189921,0.0,0.0,0.0,115609.30258319355,-1343491.1879453815,524.0
98,06-02-2021,2525.0118413960295,2524.99046445023,2525.6137384893022,0.11166533467159766,0.10656299916962343,0.12009018466352038,2525.011841396029,2524.9904644502294,2525.6137384893022,581.9361795236844,-0.0015319141910102845,-0.0015806445643488285,7.306336934644258,6.934763965537984e-06,5.365518557371874e-06,584.40164130932,-0.0015303998582560886,-0.0015786606264650543,6.972487737471519,6.617893089860251e-06,5.120351371842775e-06,580.4728639095965,-0.0015416838157125282,-0.0015830368462020996,7.857580459293274,7.457973306301611e-06,5.770332541122185e-06,0.9958178008092562,0.9961810482888024,0.995197747770182,0.0,0.0,0.0,116801.96259143233,-1343153.0733682679,610.0
99,07-24-2021,2525.082770925501,2524.9753613492508,2525.922466126136,0.11806145893283358,0.05838856122318857,0.13743854509400313,2525.082770925501,2524.9753613492503,2525.922466126136,547.4993352319184,-0.0015883896035888932,-0.0016112765533812241,8.160887597558578,5.737680164323896e-06,6.076651607540951e-06,550.3330739511321,-0.0015849422330984596,-0.0016087852632303903,7.910666861886127,5.561757320808706e-06,5.890335570530595e-06,554.2865696504311,-0.0015808758613141492,-0.0016061912443610027,9.500310501182838,6.679389032862307e-06,7.073994879726255e-06,0.9941565021223414,0.994486898493514,0.9920345480140973,0.0,0.0,0.0,119490.33653631595,-1343088.5338097294,829.0
